use spotify_clone;

-- TRUNCATE genres;
-- TRUNCATE images;
-- TRUNCATE users;
-- TRUNCATE artists;
-- TRUNCATE songs;
-- TRUNCATE albums;
-- TRUNCATE album_songs;
-- TRUNCATE playlists;
-- TRUNCATE paylist_songs;
-- TRUNCATE song_activities;
-- TRUNCATE song_genres;

INSERT INTO `genres` (`id`, `name`) VALUES ('1', 'et');
INSERT INTO `genres` (`id`, `name`) VALUES ('2', 'suscipit');
INSERT INTO `genres` (`id`, `name`) VALUES ('3', 'eos');
INSERT INTO `genres` (`id`, `name`) VALUES ('4', 'expedita');
INSERT INTO `genres` (`id`, `name`) VALUES ('5', 'dolore');
INSERT INTO `genres` (`id`, `name`) VALUES ('6', 'laboriosam');
INSERT INTO `genres` (`id`, `name`) VALUES ('7', 'deserunt');
INSERT INTO `genres` (`id`, `name`) VALUES ('8', 'cupiditate');
INSERT INTO `genres` (`id`, `name`) VALUES ('9', 'eum');
INSERT INTO `genres` (`id`, `name`) VALUES ('10', 'non');
INSERT INTO `genres` (`id`, `name`) VALUES ('11', 'tempora');
INSERT INTO `genres` (`id`, `name`) VALUES ('12', 'possimus');
INSERT INTO `genres` (`id`, `name`) VALUES ('13', 'ut');
INSERT INTO `genres` (`id`, `name`) VALUES ('14', 'voluptatem');
INSERT INTO `genres` (`id`, `name`) VALUES ('15', 'quia');
INSERT INTO `genres` (`id`, `name`) VALUES ('16', 'nam');
INSERT INTO `genres` (`id`, `name`) VALUES ('17', 'aut');
INSERT INTO `genres` (`id`, `name`) VALUES ('18', 'ullam');
INSERT INTO `genres` (`id`, `name`) VALUES ('19', 'dolorem');
INSERT INTO `genres` (`id`, `name`) VALUES ('20', 'sapiente');

INSERT INTO `images` (`id`, `name`, `file_size`, `url`) VALUES ('1', 'similique', '30913', 'http://www.stromanhermann.org/');
INSERT INTO `images` (`id`, `name`, `file_size`, `url`) VALUES ('2', 'rerum', '6', 'http://www.reilly.com/');
INSERT INTO `images` (`id`, `name`, `file_size`, `url`) VALUES ('3', 'dicta', '6', 'http://www.davis.com/');
INSERT INTO `images` (`id`, `name`, `file_size`, `url`) VALUES ('4', 'et', '41', 'http://cronin.com/');
INSERT INTO `images` (`id`, `name`, `file_size`, `url`) VALUES ('5', 'dolores', '6', 'http://www.kuhiclangworth.com/');
INSERT INTO `images` (`id`, `name`, `file_size`, `url`) VALUES ('6', 'dolores', '145554323', 'http://yundtblanda.info/');
INSERT INTO `images` (`id`, `name`, `file_size`, `url`) VALUES ('7', 'quibusdam', '5412', 'http://moenlarkin.com/');
INSERT INTO `images` (`id`, `name`, `file_size`, `url`) VALUES ('8', 'animi', '699', 'http://www.schimmelstroman.com/');
INSERT INTO `images` (`id`, `name`, `file_size`, `url`) VALUES ('9', 'dolores', '148071', 'http://jenkins.org/');
INSERT INTO `images` (`id`, `name`, `file_size`, `url`) VALUES ('10', 'dicta', '822290150', 'http://www.dare.biz/');
INSERT INTO `images` (`id`, `name`, `file_size`, `url`) VALUES ('11', 'cupiditate', '11521179', 'http://romaguerabode.biz/');
INSERT INTO `images` (`id`, `name`, `file_size`, `url`) VALUES ('12', 'sapiente', '8', 'http://hintzdurgan.com/');
INSERT INTO `images` (`id`, `name`, `file_size`, `url`) VALUES ('13', 'non', '27', 'http://larkin.net/');
INSERT INTO `images` (`id`, `name`, `file_size`, `url`) VALUES ('14', 'provident', '9', 'http://ortiz.com/');
INSERT INTO `images` (`id`, `name`, `file_size`, `url`) VALUES ('15', 'ut', '973', 'http://www.jacobsonreichel.biz/');
INSERT INTO `images` (`id`, `name`, `file_size`, `url`) VALUES ('16', 'sequi', '845225', 'http://www.hammes.com/');
INSERT INTO `images` (`id`, `name`, `file_size`, `url`) VALUES ('17', 'aut', '93862306', 'http://boehm.com/');
INSERT INTO `images` (`id`, `name`, `file_size`, `url`) VALUES ('18', 'architecto', '33567', 'http://www.schinner.info/');
INSERT INTO `images` (`id`, `name`, `file_size`, `url`) VALUES ('19', 'hic', '479358568', 'http://ullrichanderson.com/');
INSERT INTO `images` (`id`, `name`, `file_size`, `url`) VALUES ('20', 'est', '414', 'http://www.adams.info/');
INSERT INTO `images` (`id`, `name`, `file_size`, `url`) VALUES ('21', 'deleniti', '24', 'http://wiza.com/');
INSERT INTO `images` (`id`, `name`, `file_size`, `url`) VALUES ('22', 'ut', '5', 'http://www.leffler.com/');
INSERT INTO `images` (`id`, `name`, `file_size`, `url`) VALUES ('23', 'distinctio', '0', 'http://www.schimmel.org/');
INSERT INTO `images` (`id`, `name`, `file_size`, `url`) VALUES ('24', 'rerum', '465', 'http://www.ziemann.org/');
INSERT INTO `images` (`id`, `name`, `file_size`, `url`) VALUES ('25', 'velit', '80653', 'http://boehm.com/');
INSERT INTO `images` (`id`, `name`, `file_size`, `url`) VALUES ('26', 'aut', '2653319', 'http://www.farrell.org/');
INSERT INTO `images` (`id`, `name`, `file_size`, `url`) VALUES ('27', 'dolores', '6101', 'http://www.swift.com/');
INSERT INTO `images` (`id`, `name`, `file_size`, `url`) VALUES ('28', 'dolorem', '2966', 'http://www.deckow.com/');
INSERT INTO `images` (`id`, `name`, `file_size`, `url`) VALUES ('29', 'nesciunt', '51', 'http://lueilwitzcarter.info/');
INSERT INTO `images` (`id`, `name`, `file_size`, `url`) VALUES ('30', 'in', '56581864', 'http://kihn.com/');
INSERT INTO `images` (`id`, `name`, `file_size`, `url`) VALUES ('31', 'nobis', '57', 'http://pacocha.com/');
INSERT INTO `images` (`id`, `name`, `file_size`, `url`) VALUES ('32', 'reprehenderit', '0', 'http://hauck.com/');
INSERT INTO `images` (`id`, `name`, `file_size`, `url`) VALUES ('33', 'iste', '703', 'http://www.bechtelarkihn.com/');
INSERT INTO `images` (`id`, `name`, `file_size`, `url`) VALUES ('34', 'id', '0', 'http://trantow.com/');
INSERT INTO `images` (`id`, `name`, `file_size`, `url`) VALUES ('35', 'non', '9867', 'http://www.altenwerth.net/');
INSERT INTO `images` (`id`, `name`, `file_size`, `url`) VALUES ('36', 'quia', '578624587', 'http://www.huels.com/');
INSERT INTO `images` (`id`, `name`, `file_size`, `url`) VALUES ('37', 'eos', '0', 'http://www.wisozkmueller.com/');
INSERT INTO `images` (`id`, `name`, `file_size`, `url`) VALUES ('38', 'omnis', '0', 'http://www.ryan.com/');
INSERT INTO `images` (`id`, `name`, `file_size`, `url`) VALUES ('39', 'cupiditate', '9115681', 'http://yost.info/');
INSERT INTO `images` (`id`, `name`, `file_size`, `url`) VALUES ('40', 'ut', '17389465', 'http://www.jaskolski.com/');
INSERT INTO `images` (`id`, `name`, `file_size`, `url`) VALUES ('41', 'est', '2106030', 'http://kris.net/');
INSERT INTO `images` (`id`, `name`, `file_size`, `url`) VALUES ('42', 'atque', '95127908', 'http://emard.info/');
INSERT INTO `images` (`id`, `name`, `file_size`, `url`) VALUES ('43', 'veniam', '710736457', 'http://www.wymanblock.org/');
INSERT INTO `images` (`id`, `name`, `file_size`, `url`) VALUES ('44', 'perspiciatis', '5741', 'http://rutherfordgislason.org/');
INSERT INTO `images` (`id`, `name`, `file_size`, `url`) VALUES ('45', 'nostrum', '4521', 'http://aufderhar.com/');
INSERT INTO `images` (`id`, `name`, `file_size`, `url`) VALUES ('46', 'atque', '6764', 'http://www.mante.com/');
INSERT INTO `images` (`id`, `name`, `file_size`, `url`) VALUES ('47', 'fuga', '78328317', 'http://www.murphy.net/');
INSERT INTO `images` (`id`, `name`, `file_size`, `url`) VALUES ('48', 'ea', '52055813', 'http://www.fay.info/');
INSERT INTO `images` (`id`, `name`, `file_size`, `url`) VALUES ('49', 'omnis', '6', 'http://bradtke.org/');
INSERT INTO `images` (`id`, `name`, `file_size`, `url`) VALUES ('50', 'expedita', '3', 'http://www.rippinpaucek.biz/');
INSERT INTO `images` (`id`, `name`, `file_size`, `url`) VALUES ('51', 'quia', '38', 'http://www.hettingerstokes.org/');
INSERT INTO `images` (`id`, `name`, `file_size`, `url`) VALUES ('52', 'iure', '7542364', 'http://www.lindgrenfritsch.biz/');
INSERT INTO `images` (`id`, `name`, `file_size`, `url`) VALUES ('53', 'id', '9504201', 'http://hessel.com/');
INSERT INTO `images` (`id`, `name`, `file_size`, `url`) VALUES ('54', 'a', '205464', 'http://www.hesselquitzon.com/');
INSERT INTO `images` (`id`, `name`, `file_size`, `url`) VALUES ('55', 'odit', '0', 'http://www.heaney.com/');
INSERT INTO `images` (`id`, `name`, `file_size`, `url`) VALUES ('56', 'vitae', '97', 'http://oreilly.com/');
INSERT INTO `images` (`id`, `name`, `file_size`, `url`) VALUES ('57', 'libero', '434187', 'http://fay.com/');
INSERT INTO `images` (`id`, `name`, `file_size`, `url`) VALUES ('58', 'et', '734378', 'http://mantebailey.com/');
INSERT INTO `images` (`id`, `name`, `file_size`, `url`) VALUES ('59', 'sint', '6753633', 'http://www.heathcoterolfson.biz/');
INSERT INTO `images` (`id`, `name`, `file_size`, `url`) VALUES ('60', 'quo', '8', 'http://www.leuschkeschaden.info/');
INSERT INTO `images` (`id`, `name`, `file_size`, `url`) VALUES ('61', 'quae', '13755', 'http://ruecker.com/');
INSERT INTO `images` (`id`, `name`, `file_size`, `url`) VALUES ('62', 'distinctio', '0', 'http://www.gutkowski.info/');
INSERT INTO `images` (`id`, `name`, `file_size`, `url`) VALUES ('63', 'culpa', '54995', 'http://haleyspencer.com/');
INSERT INTO `images` (`id`, `name`, `file_size`, `url`) VALUES ('64', 'non', '6785', 'http://www.white.com/');
INSERT INTO `images` (`id`, `name`, `file_size`, `url`) VALUES ('65', 'dolorem', '0', 'http://www.mueller.org/');
INSERT INTO `images` (`id`, `name`, `file_size`, `url`) VALUES ('66', 'et', '79491', 'http://gottlieb.com/');
INSERT INTO `images` (`id`, `name`, `file_size`, `url`) VALUES ('67', 'excepturi', '884551', 'http://www.wisozk.org/');
INSERT INTO `images` (`id`, `name`, `file_size`, `url`) VALUES ('68', 'animi', '1', 'http://www.nicolas.org/');
INSERT INTO `images` (`id`, `name`, `file_size`, `url`) VALUES ('69', 'asperiores', '0', 'http://www.johnston.com/');
INSERT INTO `images` (`id`, `name`, `file_size`, `url`) VALUES ('70', 'dolores', '373649', 'http://greenfelderfisher.info/');
INSERT INTO `images` (`id`, `name`, `file_size`, `url`) VALUES ('71', 'doloremque', '71788', 'http://rowe.com/');
INSERT INTO `images` (`id`, `name`, `file_size`, `url`) VALUES ('72', 'aut', '0', 'http://waelchi.com/');
INSERT INTO `images` (`id`, `name`, `file_size`, `url`) VALUES ('73', 'laborum', '83592892', 'http://www.farrellpaucek.net/');
INSERT INTO `images` (`id`, `name`, `file_size`, `url`) VALUES ('74', 'reiciendis', '738564', 'http://connelly.org/');
INSERT INTO `images` (`id`, `name`, `file_size`, `url`) VALUES ('75', 'debitis', '125101', 'http://www.gaylord.org/');
INSERT INTO `images` (`id`, `name`, `file_size`, `url`) VALUES ('76', 'praesentium', '490852603', 'http://www.harveysipes.com/');
INSERT INTO `images` (`id`, `name`, `file_size`, `url`) VALUES ('77', 'fugit', '18869', 'http://nienowbecker.net/');
INSERT INTO `images` (`id`, `name`, `file_size`, `url`) VALUES ('78', 'dignissimos', '73220654', 'http://king.com/');
INSERT INTO `images` (`id`, `name`, `file_size`, `url`) VALUES ('79', 'voluptates', '84755140', 'http://www.okeefe.com/');
INSERT INTO `images` (`id`, `name`, `file_size`, `url`) VALUES ('80', 'facere', '254780752', 'http://larkinrowe.org/');
INSERT INTO `images` (`id`, `name`, `file_size`, `url`) VALUES ('81', 'aut', '7550', 'http://www.heathcote.com/');
INSERT INTO `images` (`id`, `name`, `file_size`, `url`) VALUES ('82', 'ex', '46', 'http://millsschulist.net/');
INSERT INTO `images` (`id`, `name`, `file_size`, `url`) VALUES ('83', 'quo', '739180518', 'http://millertreutel.com/');
INSERT INTO `images` (`id`, `name`, `file_size`, `url`) VALUES ('84', 'possimus', '77', 'http://daughertywhite.com/');
INSERT INTO `images` (`id`, `name`, `file_size`, `url`) VALUES ('85', 'necessitatibus', '8102041', 'http://www.wuckert.info/');
INSERT INTO `images` (`id`, `name`, `file_size`, `url`) VALUES ('86', 'dignissimos', '8', 'http://ferryblanda.com/');
INSERT INTO `images` (`id`, `name`, `file_size`, `url`) VALUES ('87', 'quo', '84', 'http://www.herman.com/');
INSERT INTO `images` (`id`, `name`, `file_size`, `url`) VALUES ('88', 'cum', '53', 'http://www.spinka.com/');
INSERT INTO `images` (`id`, `name`, `file_size`, `url`) VALUES ('89', 'qui', '4759', 'http://turner.biz/');
INSERT INTO `images` (`id`, `name`, `file_size`, `url`) VALUES ('90', 'consectetur', '909635', 'http://rempel.com/');
INSERT INTO `images` (`id`, `name`, `file_size`, `url`) VALUES ('91', 'ut', '116636279', 'http://www.johnstonking.net/');
INSERT INTO `images` (`id`, `name`, `file_size`, `url`) VALUES ('92', 'beatae', '906194666', 'http://cormier.com/');
INSERT INTO `images` (`id`, `name`, `file_size`, `url`) VALUES ('93', 'voluptatum', '48625294', 'http://www.mosciski.com/');
INSERT INTO `images` (`id`, `name`, `file_size`, `url`) VALUES ('94', 'molestias', '218965986', 'http://www.webermiller.net/');
INSERT INTO `images` (`id`, `name`, `file_size`, `url`) VALUES ('95', 'sed', '77754', 'http://www.glover.net/');
INSERT INTO `images` (`id`, `name`, `file_size`, `url`) VALUES ('96', 'et', '781678', 'http://hirthe.com/');
INSERT INTO `images` (`id`, `name`, `file_size`, `url`) VALUES ('97', 'voluptates', '3081085', 'http://rosenbaumbarton.com/');
INSERT INTO `images` (`id`, `name`, `file_size`, `url`) VALUES ('98', 'ea', '1', 'http://www.jerde.com/');
INSERT INTO `images` (`id`, `name`, `file_size`, `url`) VALUES ('99', 'cupiditate', '59885', 'http://schummlindgren.com/');
INSERT INTO `images` (`id`, `name`, `file_size`, `url`) VALUES ('100', 'nemo', '6328', 'http://keeling.org/');

INSERT INTO `users` (`id`, `email`, `password`, `first_name`, `last_name`, `login`, `twitter_url`, `facebook_url`, `inst_url`, `avatar_id`, `created_at`, `updated_at`) VALUES ('1', 'isai.murazik@example.org', '086e5efa7c067d12da964eb3f8a7038286c3965a', 'Jovani', 'Feil', 'jerde', 'http://volkman.net/', 'http://rohantreutel.com/', 'http://crona.com/', '1', '1980-09-24 11:19:02', '2021-04-15 19:19:36');
INSERT INTO `users` (`id`, `email`, `password`, `first_name`, `last_name`, `login`, `twitter_url`, `facebook_url`, `inst_url`, `avatar_id`, `created_at`, `updated_at`) VALUES ('2', 'gusikowski.guy@example.net', 'e69a51c0f78e829c29c509c6b992bf340783d668', 'Michelle', 'Hackett', 'littelbeahan', 'http://zemlak.com/', 'http://prohaska.info/', 'http://olson.com/', '2', '1993-02-28 08:53:05', '2021-04-15 19:19:36');
INSERT INTO `users` (`id`, `email`, `password`, `first_name`, `last_name`, `login`, `twitter_url`, `facebook_url`, `inst_url`, `avatar_id`, `created_at`, `updated_at`) VALUES ('3', 'nella44@example.com', '2b4ae195c381ea415bcaf4d4071bd8a087a0a0a0', 'Osborne', 'Tillman', 'streichhoeger', 'http://hintz.net/', 'http://denesik.com/', 'http://www.colepouros.com/', '3', '2021-03-12 22:41:10', '2021-04-15 19:19:36');
INSERT INTO `users` (`id`, `email`, `password`, `first_name`, `last_name`, `login`, `twitter_url`, `facebook_url`, `inst_url`, `avatar_id`, `created_at`, `updated_at`) VALUES ('4', 'carli.lang@example.org', 'd2f836d74a45c1037c785e14b434af7a3950139c', 'Ida', 'Murray', 'schowaltersmith', 'http://www.murphykozey.com/', 'http://emmerichgerlach.com/', 'http://www.bergnaum.com/', '4', '2012-07-21 08:17:01', '2021-04-15 19:19:36');
INSERT INTO `users` (`id`, `email`, `password`, `first_name`, `last_name`, `login`, `twitter_url`, `facebook_url`, `inst_url`, `avatar_id`, `created_at`, `updated_at`) VALUES ('5', 'elfrieda31@example.com', 'f92a38f7b22d89a8e7632df8a3e6ed2cdbff32be', 'Martine', 'Dickens', 'torphyleuschke', 'http://www.dachtromp.com/', 'http://prohaska.com/', 'http://www.jaskolski.com/', '5', '1992-09-13 16:30:20', '2021-04-15 19:19:36');
INSERT INTO `users` (`id`, `email`, `password`, `first_name`, `last_name`, `login`, `twitter_url`, `facebook_url`, `inst_url`, `avatar_id`, `created_at`, `updated_at`) VALUES ('6', 'izaiah.dickinson@example.net', '1603bb761a78e65e80459adafba5572237d5cfa7', 'Jake', 'Stroman', 'smith', 'http://kirlin.com/', 'http://www.ryan.com/', 'http://kilback.biz/', '6', '1988-12-06 06:24:46', '2021-04-15 19:19:36');
INSERT INTO `users` (`id`, `email`, `password`, `first_name`, `last_name`, `login`, `twitter_url`, `facebook_url`, `inst_url`, `avatar_id`, `created_at`, `updated_at`) VALUES ('7', 'lisa46@example.org', '8a7f1b796c59ee1fe64241e609898bea1de6e898', 'Catalina', 'Waters', 'homenickspinka', 'http://www.conroy.org/', 'http://www.fahey.info/', 'http://www.senger.info/', '7', '2015-09-07 03:08:22', '2021-04-15 19:19:36');
INSERT INTO `users` (`id`, `email`, `password`, `first_name`, `last_name`, `login`, `twitter_url`, `facebook_url`, `inst_url`, `avatar_id`, `created_at`, `updated_at`) VALUES ('8', 'zschoen@example.org', '41e45b277520e7840696c8e0995241e681225720', 'Keaton', 'Zemlak', 'lang', 'http://boehmdeckow.com/', 'http://www.bodebeer.org/', 'http://oconner.biz/', '8', '2006-11-11 06:15:33', '2021-04-15 19:19:36');
INSERT INTO `users` (`id`, `email`, `password`, `first_name`, `last_name`, `login`, `twitter_url`, `facebook_url`, `inst_url`, `avatar_id`, `created_at`, `updated_at`) VALUES ('9', 'conn.america@example.net', '819e3deed259a6d7ad7c10bc80cf4ce1608792a1', 'Justina', 'Gaylord', 'metz', 'http://collins.info/', 'http://www.konopelski.org/', 'http://wehner.com/', '9', '1982-09-02 02:36:03', '2021-04-15 19:19:36');
INSERT INTO `users` (`id`, `email`, `password`, `first_name`, `last_name`, `login`, `twitter_url`, `facebook_url`, `inst_url`, `avatar_id`, `created_at`, `updated_at`) VALUES ('10', 'jamison61@example.com', '5602f8ce45315b0644c5800eb94454a5d5b74e74', 'Unique', 'Mayert', 'thompson', 'http://marvinwindler.com/', 'http://www.vonrueden.com/', 'http://www.smitham.com/', '10', '1971-07-22 00:56:09', '2021-04-15 19:19:36');
INSERT INTO `users` (`id`, `email`, `password`, `first_name`, `last_name`, `login`, `twitter_url`, `facebook_url`, `inst_url`, `avatar_id`, `created_at`, `updated_at`) VALUES ('11', 'hubert62@example.org', '6bd2bd6fd3cb00640e9a66bde36ec2709a492b23', 'Geovany', 'Veum', 'ruecker', 'http://www.bins.com/', 'http://www.dicki.biz/', 'http://koelpinstrosin.com/', '11', '1975-09-19 07:21:01', '2021-04-15 19:19:36');
INSERT INTO `users` (`id`, `email`, `password`, `first_name`, `last_name`, `login`, `twitter_url`, `facebook_url`, `inst_url`, `avatar_id`, `created_at`, `updated_at`) VALUES ('12', 'mccullough.jamaal@example.com', '04093d61d0aaf187bdd66ea6496aa3f777da8f2e', 'Felicity', 'Hand', 'vonrueden', 'http://dubuqueschroeder.com/', 'http://brekke.com/', 'http://www.mantefarrell.com/', '12', '2017-09-08 06:16:19', '2021-04-15 19:19:36');
INSERT INTO `users` (`id`, `email`, `password`, `first_name`, `last_name`, `login`, `twitter_url`, `facebook_url`, `inst_url`, `avatar_id`, `created_at`, `updated_at`) VALUES ('13', 'ernser.earl@example.com', '1c81c100800e512c86f8661a52d5c214feb7eeaa', 'Felipa', 'Frami', 'stammgreenholt', 'http://www.faheyupton.com/', 'http://www.gerlach.net/', 'http://www.leffler.com/', '13', '2008-10-13 15:05:04', '2021-04-15 19:19:36');
INSERT INTO `users` (`id`, `email`, `password`, `first_name`, `last_name`, `login`, `twitter_url`, `facebook_url`, `inst_url`, `avatar_id`, `created_at`, `updated_at`) VALUES ('14', 'rosamond.wiegand@example.org', '288ca9751c88945596c2bb102c470ab9203b97b8', 'Hanna', 'Hermann', 'marvinoconnell', 'http://www.schneider.net/', 'http://www.homenick.com/', 'http://ledner.com/', '14', '1986-04-10 04:31:04', '2021-04-15 19:19:36');
INSERT INTO `users` (`id`, `email`, `password`, `first_name`, `last_name`, `login`, `twitter_url`, `facebook_url`, `inst_url`, `avatar_id`, `created_at`, `updated_at`) VALUES ('15', 'aliyah99@example.net', 'a443e166f1295bb29d16ba92f8fd373933641761', 'Delaney', 'Spencer', 'davis', 'http://www.lubowitz.com/', 'http://www.dietrichbreitenberg.com/', 'http://treutel.org/', '15', '1999-12-10 21:54:58', '2021-04-15 19:19:36');
INSERT INTO `users` (`id`, `email`, `password`, `first_name`, `last_name`, `login`, `twitter_url`, `facebook_url`, `inst_url`, `avatar_id`, `created_at`, `updated_at`) VALUES ('16', 'craig76@example.org', '654d62dadd1c766e8335126e012943c6760f71e8', 'Kamryn', 'OConner', 'runolfsson', 'http://www.predovicfahey.com/', 'http://orn.org/', 'http://www.mayert.com/', '16', '1986-06-16 22:33:05', '2021-04-15 19:19:36');
INSERT INTO `users` (`id`, `email`, `password`, `first_name`, `last_name`, `login`, `twitter_url`, `facebook_url`, `inst_url`, `avatar_id`, `created_at`, `updated_at`) VALUES ('17', 'magnolia.mosciski@example.net', '1307fe7f05a5036c74c54b69400600c5ea7c96ec', 'Eldon', 'Dietrich', 'thielklein', 'http://www.botsford.com/', 'http://www.renner.biz/', 'http://www.lakinblock.com/', '17', '1975-12-22 08:40:02', '2021-04-15 19:19:36');
INSERT INTO `users` (`id`, `email`, `password`, `first_name`, `last_name`, `login`, `twitter_url`, `facebook_url`, `inst_url`, `avatar_id`, `created_at`, `updated_at`) VALUES ('18', 'koss.nicole@example.com', 'cd5ddffd89f9c5a8e03aa68c335c2de78a80e11b', 'Kaitlin', 'Roberts', 'stark', 'http://www.zulauf.info/', 'http://www.marksstroman.com/', 'http://stokesklocko.info/', '18', '2011-02-18 04:47:41', '2021-04-15 19:19:36');
INSERT INTO `users` (`id`, `email`, `password`, `first_name`, `last_name`, `login`, `twitter_url`, `facebook_url`, `inst_url`, `avatar_id`, `created_at`, `updated_at`) VALUES ('19', 'kassulke.griffin@example.org', '5091731fdba8b56baaa95161b3e29499e39401bd', 'Sydney', 'Wuckert', 'rempelkub', 'http://www.hayesmcglynn.com/', 'http://www.lakin.biz/', 'http://www.wiegand.com/', '19', '2010-12-10 14:19:41', '2021-04-15 19:19:36');
INSERT INTO `users` (`id`, `email`, `password`, `first_name`, `last_name`, `login`, `twitter_url`, `facebook_url`, `inst_url`, `avatar_id`, `created_at`, `updated_at`) VALUES ('20', 'jeremy.prohaska@example.com', '3da65e3193631e6b8ae2c5eb33713bec6ee722b3', 'Carlo', 'Larson', 'donnelly', 'http://www.green.net/', 'http://runolfsson.com/', 'http://mayert.com/', '20', '2012-02-07 03:57:11', '2021-04-15 19:19:36');
INSERT INTO `users` (`id`, `email`, `password`, `first_name`, `last_name`, `login`, `twitter_url`, `facebook_url`, `inst_url`, `avatar_id`, `created_at`, `updated_at`) VALUES ('21', 'emmerich.eva@example.com', '4ad16664effa4d5a8b43fae1b52657f1520e9b50', 'Lafayette', 'Gusikowski', 'littel', 'http://www.langoshshields.com/', 'http://www.welchbartell.net/', 'http://willmsdenesik.com/', '21', '2004-03-30 23:58:43', '2021-04-15 19:19:36');
INSERT INTO `users` (`id`, `email`, `password`, `first_name`, `last_name`, `login`, `twitter_url`, `facebook_url`, `inst_url`, `avatar_id`, `created_at`, `updated_at`) VALUES ('22', 'nwyman@example.org', 'aa9605342a25e7de98fa86cc0089c484222dc8de', 'Timmothy', 'Auer', 'renner', 'http://www.kessler.net/', 'http://www.bednar.org/', 'http://www.hermanschaefer.com/', '22', '1994-08-15 17:54:34', '2021-04-15 19:19:36');
INSERT INTO `users` (`id`, `email`, `password`, `first_name`, `last_name`, `login`, `twitter_url`, `facebook_url`, `inst_url`, `avatar_id`, `created_at`, `updated_at`) VALUES ('23', 'bbode@example.org', '70018f32332ab538745752ffb3d6c3dbd1a56e7b', 'Corene', 'Ankunding', 'welch', 'http://www.steuberdeckow.info/', 'http://www.altenwerthhansen.com/', 'http://stamm.biz/', '23', '1997-11-03 21:26:22', '2021-04-15 19:19:36');
INSERT INTO `users` (`id`, `email`, `password`, `first_name`, `last_name`, `login`, `twitter_url`, `facebook_url`, `inst_url`, `avatar_id`, `created_at`, `updated_at`) VALUES ('24', 'johnpaul.ziemann@example.org', 'c3f00122d3ddde4b15a8d1e235b42c2cc11c5913', 'Bernadine', 'Nikolaus', 'emmerich', 'http://wittinghills.net/', 'http://www.heller.com/', 'http://lueilwitzokuneva.com/', '24', '2002-05-28 14:09:11', '2021-04-15 19:19:36');
INSERT INTO `users` (`id`, `email`, `password`, `first_name`, `last_name`, `login`, `twitter_url`, `facebook_url`, `inst_url`, `avatar_id`, `created_at`, `updated_at`) VALUES ('25', 'alverta35@example.org', '9705010a2d26a0fba16baa449bc2a92b17abcdaf', 'Nia', 'Grimes', 'dubuqueswaniawski', 'http://www.goyettewilkinson.com/', 'http://stromankrajcik.biz/', 'http://littelruecker.com/', '25', '1992-07-01 10:02:09', '2021-04-15 19:19:36');
INSERT INTO `users` (`id`, `email`, `password`, `first_name`, `last_name`, `login`, `twitter_url`, `facebook_url`, `inst_url`, `avatar_id`, `created_at`, `updated_at`) VALUES ('26', 'ezra.tromp@example.org', '9d2702da9ba16c8d72de896aee8f42e144d4aa9d', 'Vicky', 'Stehr', 'ullrichrogahn', 'http://www.kassulkejohns.com/', 'http://dach.com/', 'http://fadel.info/', '26', '2002-02-26 08:35:03', '2021-04-15 19:19:36');
INSERT INTO `users` (`id`, `email`, `password`, `first_name`, `last_name`, `login`, `twitter_url`, `facebook_url`, `inst_url`, `avatar_id`, `created_at`, `updated_at`) VALUES ('27', 'anastasia34@example.com', '387ee47f8a7683fc2eb13e4f4a3dfb5603122dc8', 'Jalen', 'Crist', 'treutel', 'http://www.abshire.com/', 'http://www.hackett.net/', 'http://www.ankunding.com/', '27', '1976-05-02 00:27:17', '2021-04-15 19:19:36');
INSERT INTO `users` (`id`, `email`, `password`, `first_name`, `last_name`, `login`, `twitter_url`, `facebook_url`, `inst_url`, `avatar_id`, `created_at`, `updated_at`) VALUES ('28', 'cecil.botsford@example.net', 'eae00fdb0bfdb7bfe988ecb9e2463f901aa6a331', 'Audreanne', 'Bruen', 'hilpertkulas', 'http://www.goyette.com/', 'http://marksswift.com/', 'http://stamm.com/', '28', '2009-08-24 05:59:15', '2021-04-15 19:19:36');
INSERT INTO `users` (`id`, `email`, `password`, `first_name`, `last_name`, `login`, `twitter_url`, `facebook_url`, `inst_url`, `avatar_id`, `created_at`, `updated_at`) VALUES ('29', 'gwalker@example.org', 'd833f7f98289e123815b15a9877a25ac05822578', 'Micheal', 'Braun', 'windler', 'http://bergnaumhuels.biz/', 'http://www.kautzerreilly.com/', 'http://www.hahn.net/', '29', '1984-07-09 03:26:02', '2021-04-15 19:19:36');
INSERT INTO `users` (`id`, `email`, `password`, `first_name`, `last_name`, `login`, `twitter_url`, `facebook_url`, `inst_url`, `avatar_id`, `created_at`, `updated_at`) VALUES ('30', 'stehr.reta@example.net', 'd032dd583295ca2432724acb51df9b2d843f569a', 'Deion', 'Little', 'crist', 'http://colejakubowski.com/', 'http://shieldsjakubowski.com/', 'http://boyle.com/', '30', '1984-01-19 12:10:33', '2021-04-15 19:19:36');
INSERT INTO `users` (`id`, `email`, `password`, `first_name`, `last_name`, `login`, `twitter_url`, `facebook_url`, `inst_url`, `avatar_id`, `created_at`, `updated_at`) VALUES ('31', 'nienow.stanford@example.net', '0590b806215a1086130c4831113207e2e5d28730', 'Bert', 'Trantow', 'hermannwiegand', 'http://lowe.biz/', 'http://hoeger.com/', 'http://mayerluettgen.com/', '31', '1977-01-16 02:37:52', '2021-04-15 19:19:36');
INSERT INTO `users` (`id`, `email`, `password`, `first_name`, `last_name`, `login`, `twitter_url`, `facebook_url`, `inst_url`, `avatar_id`, `created_at`, `updated_at`) VALUES ('32', 'marquardt.tania@example.net', 'ef0431b5d37419bc9eb9f3ebf0032efb3e807460', 'Ruby', 'Mayer', 'willms', 'http://www.nikolaus.com/', 'http://www.kassulkefarrell.com/', 'http://lang.com/', '32', '1995-03-31 23:23:01', '2021-04-15 19:19:36');
INSERT INTO `users` (`id`, `email`, `password`, `first_name`, `last_name`, `login`, `twitter_url`, `facebook_url`, `inst_url`, `avatar_id`, `created_at`, `updated_at`) VALUES ('33', 'tterry@example.com', 'c08e83274c7aa9445f26fa3a1f0706f9713a16dd', 'Zetta', 'Murphy', 'rath', 'http://www.kris.net/', 'http://white.com/', 'http://welch.com/', '33', '1986-05-02 03:42:48', '2021-04-15 19:19:36');
INSERT INTO `users` (`id`, `email`, `password`, `first_name`, `last_name`, `login`, `twitter_url`, `facebook_url`, `inst_url`, `avatar_id`, `created_at`, `updated_at`) VALUES ('34', 'cstroman@example.org', '960f9bf6c84f50ec0f7e3741f26aca05a0d7a700', 'Ryan', 'Renner', 'kassulkeruecker', 'http://www.stiedemann.net/', 'http://www.littlelangosh.com/', 'http://gerhold.net/', '34', '2018-02-27 05:03:08', '2021-04-15 19:19:36');
INSERT INTO `users` (`id`, `email`, `password`, `first_name`, `last_name`, `login`, `twitter_url`, `facebook_url`, `inst_url`, `avatar_id`, `created_at`, `updated_at`) VALUES ('35', 'asawayn@example.net', 'c693dfc73bb84b30f30354422b8a969592719145', 'Danyka', 'Conn', 'nolan', 'http://mante.com/', 'http://www.schaden.com/', 'http://dickinsonwitting.com/', '35', '1996-02-23 03:16:55', '2021-04-15 19:19:36');
INSERT INTO `users` (`id`, `email`, `password`, `first_name`, `last_name`, `login`, `twitter_url`, `facebook_url`, `inst_url`, `avatar_id`, `created_at`, `updated_at`) VALUES ('36', 'dax.baumbach@example.net', '25a329cd051c912c315aa1ae572a1243d6bf8be0', 'Celestine', 'Abernathy', 'millerwitting', 'http://gibsongreen.com/', 'http://jacobi.com/', 'http://schmitt.com/', '36', '2000-04-19 13:30:04', '2021-04-15 19:19:36');
INSERT INTO `users` (`id`, `email`, `password`, `first_name`, `last_name`, `login`, `twitter_url`, `facebook_url`, `inst_url`, `avatar_id`, `created_at`, `updated_at`) VALUES ('37', 'steuber.rogelio@example.net', '5ae3efbdfe2db3b888bed31691481a38c564a728', 'Haleigh', 'OKon', 'mohr', 'http://www.lebsack.biz/', 'http://www.grahamprosacco.org/', 'http://hartmann.org/', '37', '1973-05-18 11:31:03', '2021-04-15 19:19:36');
INSERT INTO `users` (`id`, `email`, `password`, `first_name`, `last_name`, `login`, `twitter_url`, `facebook_url`, `inst_url`, `avatar_id`, `created_at`, `updated_at`) VALUES ('38', 'carey50@example.net', 'e8ed6df2e112db9fdb1d81d2e4cbd92e17a1c43e', 'Hyman', 'Schultz', 'hane', 'http://volkman.com/', 'http://www.wilkinson.com/', 'http://www.gerhold.net/', '38', '2005-03-18 05:28:34', '2021-04-15 19:19:36');
INSERT INTO `users` (`id`, `email`, `password`, `first_name`, `last_name`, `login`, `twitter_url`, `facebook_url`, `inst_url`, `avatar_id`, `created_at`, `updated_at`) VALUES ('39', 'xzavier.koss@example.com', 'a0f4738caa118ae700a3b6af60b6665983b53081', 'Coralie', 'Heathcote', 'abbott', 'http://stehr.com/', 'http://hauck.com/', 'http://www.gorczany.com/', '39', '1976-12-07 01:30:57', '2021-04-15 19:19:36');
INSERT INTO `users` (`id`, `email`, `password`, `first_name`, `last_name`, `login`, `twitter_url`, `facebook_url`, `inst_url`, `avatar_id`, `created_at`, `updated_at`) VALUES ('40', 'randall43@example.org', '2678f76244d105bc5cf9dd6365a1fd7d6eeeb902', 'Madelynn', 'Fisher', 'kunze', 'http://beahanullrich.org/', 'http://www.rogahn.biz/', 'http://hyatt.net/', '40', '1998-09-27 19:51:45', '2021-04-15 19:19:36');
INSERT INTO `users` (`id`, `email`, `password`, `first_name`, `last_name`, `login`, `twitter_url`, `facebook_url`, `inst_url`, `avatar_id`, `created_at`, `updated_at`) VALUES ('41', 'ana.stroman@example.net', 'f3fc0a9aea12e8ebadba2814ec5ee40ae40cd957', 'Muhammad', 'Wuckert', 'jenkins', 'http://www.brown.org/', 'http://www.morar.biz/', 'http://www.rodriguez.info/', '41', '1971-08-02 19:02:02', '2021-04-15 19:19:36');
INSERT INTO `users` (`id`, `email`, `password`, `first_name`, `last_name`, `login`, `twitter_url`, `facebook_url`, `inst_url`, `avatar_id`, `created_at`, `updated_at`) VALUES ('42', 'rhea46@example.net', '7cfa3af047a8c49e358de51cb8826e78bed42312', 'Sean', 'Kshlerin', 'doylereichel', 'http://yundt.com/', 'http://www.lehner.com/', 'http://www.hahn.info/', '42', '2018-05-03 08:10:59', '2021-04-15 19:19:36');
INSERT INTO `users` (`id`, `email`, `password`, `first_name`, `last_name`, `login`, `twitter_url`, `facebook_url`, `inst_url`, `avatar_id`, `created_at`, `updated_at`) VALUES ('43', 'carson.carroll@example.net', 'b2836f30212c420b65419f17e8144b034c5d65bc', 'Orin', 'Connelly', 'kemmer', 'http://schadenward.com/', 'http://stoltenberg.org/', 'http://botsford.org/', '43', '2016-11-25 21:54:11', '2021-04-15 19:19:36');
INSERT INTO `users` (`id`, `email`, `password`, `first_name`, `last_name`, `login`, `twitter_url`, `facebook_url`, `inst_url`, `avatar_id`, `created_at`, `updated_at`) VALUES ('44', 'randall20@example.com', '1c896e46ef1a28011d8706cecd6c017b6c08624a', 'Wilma', 'OReilly', 'sporerebert', 'http://www.lakin.com/', 'http://renner.info/', 'http://www.sauer.biz/', '44', '2019-11-27 06:44:13', '2021-04-15 19:19:36');
INSERT INTO `users` (`id`, `email`, `password`, `first_name`, `last_name`, `login`, `twitter_url`, `facebook_url`, `inst_url`, `avatar_id`, `created_at`, `updated_at`) VALUES ('45', 'hilbert.witting@example.com', 'e7a2e5de377f3c9924a60320989d9074847d2d86', 'Moses', 'McClure', 'powlowski', 'http://www.kirlin.com/', 'http://boderenner.com/', 'http://www.jaskolski.net/', '45', '2014-08-06 12:09:24', '2021-04-15 19:19:36');
INSERT INTO `users` (`id`, `email`, `password`, `first_name`, `last_name`, `login`, `twitter_url`, `facebook_url`, `inst_url`, `avatar_id`, `created_at`, `updated_at`) VALUES ('46', 'jwhite@example.org', '7e2bcd8142114a3a050ea0a1cbbfccd1aacb48df', 'Eulalia', 'Abbott', 'altenwerth', 'http://yundt.org/', 'http://funk.biz/', 'http://whitebeier.com/', '46', '1992-02-08 14:27:28', '2021-04-15 19:19:36');
INSERT INTO `users` (`id`, `email`, `password`, `first_name`, `last_name`, `login`, `twitter_url`, `facebook_url`, `inst_url`, `avatar_id`, `created_at`, `updated_at`) VALUES ('47', 'juanita.gleichner@example.net', '9d35d8c6fd37724675d18c93975d70a778792499', 'Velva', 'Medhurst', 'eichmann', 'http://leuschkeconroy.com/', 'http://www.nitzsche.net/', 'http://okon.biz/', '47', '2002-04-21 10:51:48', '2021-04-15 19:19:36');
INSERT INTO `users` (`id`, `email`, `password`, `first_name`, `last_name`, `login`, `twitter_url`, `facebook_url`, `inst_url`, `avatar_id`, `created_at`, `updated_at`) VALUES ('48', 'eula77@example.org', 'b1c6ca809d4127711348c050ab7171b1764ba692', 'Alford', 'Schaden', 'brakusbogisich', 'http://kossgrimes.com/', 'http://www.stammhomenick.com/', 'http://www.wiegand.biz/', '48', '1977-04-26 00:52:30', '2021-04-15 19:19:36');
INSERT INTO `users` (`id`, `email`, `password`, `first_name`, `last_name`, `login`, `twitter_url`, `facebook_url`, `inst_url`, `avatar_id`, `created_at`, `updated_at`) VALUES ('49', 'smertz@example.net', '325aac4dad674e6624b4782ccf6a08824425c7cc', 'Prince', 'Kihn', 'lockman', 'http://www.huelscronin.com/', 'http://www.watershoppe.biz/', 'http://barton.com/', '49', '2016-01-27 19:11:32', '2021-04-15 19:19:36');
INSERT INTO `users` (`id`, `email`, `password`, `first_name`, `last_name`, `login`, `twitter_url`, `facebook_url`, `inst_url`, `avatar_id`, `created_at`, `updated_at`) VALUES ('50', 'afay@example.org', '5545af88b3ba02aac12b4b298b607e3bba09f04d', 'Torrey', 'Dibbert', 'mcculloughturcotte', 'http://www.kohler.com/', 'http://abshirespinka.net/', 'http://moore.com/', '50', '2007-08-23 22:44:56', '2021-04-15 19:19:36');
INSERT INTO `users` (`id`, `email`, `password`, `first_name`, `last_name`, `login`, `twitter_url`, `facebook_url`, `inst_url`, `avatar_id`, `created_at`, `updated_at`) VALUES ('51', 'epagac@example.com', 'ad78eda81973587e45319ff42f297f2c05d1a839', 'Gilbert', 'Grimes', 'littelbrakus', 'http://hartmann.com/', 'http://sauerfritsch.com/', 'http://www.murphy.com/', '51', '1986-01-18 12:52:05', '2021-04-15 19:19:36');
INSERT INTO `users` (`id`, `email`, `password`, `first_name`, `last_name`, `login`, `twitter_url`, `facebook_url`, `inst_url`, `avatar_id`, `created_at`, `updated_at`) VALUES ('52', 'jessyca92@example.org', '35f48cfba80dd549241759c218d4d3fd46d3d8ca', 'Alda', 'Gottlieb', 'hoegerwindler', 'http://okon.info/', 'http://www.upton.com/', 'http://parisian.com/', '52', '1999-09-28 05:18:49', '2021-04-15 19:19:36');
INSERT INTO `users` (`id`, `email`, `password`, `first_name`, `last_name`, `login`, `twitter_url`, `facebook_url`, `inst_url`, `avatar_id`, `created_at`, `updated_at`) VALUES ('53', 'susana.parisian@example.net', 'bf29776dd52487c2dcb2588f8332125ad146c3cb', 'Laurence', 'Larkin', 'cronabeier', 'http://www.rath.com/', 'http://hintz.com/', 'http://wisozk.com/', '53', '1973-02-15 07:08:50', '2021-04-15 19:19:36');
INSERT INTO `users` (`id`, `email`, `password`, `first_name`, `last_name`, `login`, `twitter_url`, `facebook_url`, `inst_url`, `avatar_id`, `created_at`, `updated_at`) VALUES ('54', 'grippin@example.com', '549025085e0cc970670d94dfd1e32c01b219a074', 'Layla', 'McGlynn', 'cronin', 'http://www.marks.com/', 'http://www.bodebrown.biz/', 'http://jaskolski.com/', '54', '1988-01-02 15:14:41', '2021-04-15 19:19:36');
INSERT INTO `users` (`id`, `email`, `password`, `first_name`, `last_name`, `login`, `twitter_url`, `facebook_url`, `inst_url`, `avatar_id`, `created_at`, `updated_at`) VALUES ('55', 'ddibbert@example.net', 'd2e270121c858c80157d487ff03ed04776ef09a4', 'Charlotte', 'Connelly', 'conn', 'http://www.krajcik.com/', 'http://www.fahey.com/', 'http://walker.com/', '55', '1970-06-19 18:04:42', '2021-04-15 19:19:36');
INSERT INTO `users` (`id`, `email`, `password`, `first_name`, `last_name`, `login`, `twitter_url`, `facebook_url`, `inst_url`, `avatar_id`, `created_at`, `updated_at`) VALUES ('56', 'palma.kovacek@example.org', 'd3a1dd8510cec073addcc110e61f81a3e7f1c60a', 'Walker', 'Pollich', 'sipes', 'http://langhirthe.com/', 'http://www.moore.com/', 'http://bode.org/', '56', '2001-09-22 06:35:46', '2021-04-15 19:19:36');
INSERT INTO `users` (`id`, `email`, `password`, `first_name`, `last_name`, `login`, `twitter_url`, `facebook_url`, `inst_url`, `avatar_id`, `created_at`, `updated_at`) VALUES ('57', 'ubarrows@example.com', '3edd722e7e05280a17f3004a78d60ab5ca013d2a', 'Berry', 'Goodwin', 'mann', 'http://rodriguezmorar.net/', 'http://pagac.net/', 'http://www.kulasmcdermott.com/', '57', '1973-09-06 20:39:22', '2021-04-15 19:19:36');
INSERT INTO `users` (`id`, `email`, `password`, `first_name`, `last_name`, `login`, `twitter_url`, `facebook_url`, `inst_url`, `avatar_id`, `created_at`, `updated_at`) VALUES ('58', 'alessandro.connelly@example.net', '8d4d54aa0e0eeec42683da0d9dc49f54b67d096a', 'Colt', 'Monahan', 'leffler', 'http://donnelly.com/', 'http://davis.com/', 'http://www.marksauer.net/', '58', '2008-10-14 14:05:05', '2021-04-15 19:19:36');
INSERT INTO `users` (`id`, `email`, `password`, `first_name`, `last_name`, `login`, `twitter_url`, `facebook_url`, `inst_url`, `avatar_id`, `created_at`, `updated_at`) VALUES ('59', 'cali24@example.org', 'eb61ef9d2ce0c5b234ef2a2a51794cecb8029e7d', 'Karen', 'Weber', 'schmitthoeger', 'http://ernserabshire.info/', 'http://www.champlin.net/', 'http://www.hessel.info/', '59', '2017-11-09 04:22:35', '2021-04-15 19:19:36');
INSERT INTO `users` (`id`, `email`, `password`, `first_name`, `last_name`, `login`, `twitter_url`, `facebook_url`, `inst_url`, `avatar_id`, `created_at`, `updated_at`) VALUES ('60', 'dana.hessel@example.net', '5fdd1078e4eb4945fa8c815e916a418949c575bd', 'Ashlee', 'Olson', 'ferry', 'http://powlowski.com/', 'http://www.hoppe.biz/', 'http://kuhn.info/', '60', '2019-01-27 23:26:02', '2021-04-15 19:19:36');
INSERT INTO `users` (`id`, `email`, `password`, `first_name`, `last_name`, `login`, `twitter_url`, `facebook_url`, `inst_url`, `avatar_id`, `created_at`, `updated_at`) VALUES ('61', 'gus99@example.com', 'f29f8634d16c5469224531cdd19f73961f31e36f', 'George', 'Kreiger', 'bauch', 'http://www.blickwelch.com/', 'http://www.swift.biz/', 'http://www.greenholt.com/', '61', '1985-08-23 01:19:37', '2021-04-15 19:19:36');
INSERT INTO `users` (`id`, `email`, `password`, `first_name`, `last_name`, `login`, `twitter_url`, `facebook_url`, `inst_url`, `avatar_id`, `created_at`, `updated_at`) VALUES ('62', 'mhagenes@example.com', 'f89eb3fb3a34187e5f899afde9a658d4fd2e3aa8', 'Furman', 'Brekke', 'parisian', 'http://bauch.net/', 'http://www.schoen.com/', 'http://www.sipesbeier.com/', '62', '1983-05-10 04:30:32', '2021-04-15 19:19:36');
INSERT INTO `users` (`id`, `email`, `password`, `first_name`, `last_name`, `login`, `twitter_url`, `facebook_url`, `inst_url`, `avatar_id`, `created_at`, `updated_at`) VALUES ('63', 'lwiza@example.net', '47544ed9ea0f34ce051ee6462066c8c346dd8881', 'Hubert', 'Cassin', 'huels', 'http://schaeferschmeler.com/', 'http://cruickshank.com/', 'http://schroeder.org/', '63', '2019-11-09 17:02:18', '2021-04-15 19:19:36');
INSERT INTO `users` (`id`, `email`, `password`, `first_name`, `last_name`, `login`, `twitter_url`, `facebook_url`, `inst_url`, `avatar_id`, `created_at`, `updated_at`) VALUES ('64', 'kiara35@example.net', '5ed868c89241a6609003702d8c0adc90315740c0', 'Giovanna', 'Kulas', 'paucek', 'http://durganlind.com/', 'http://www.boehmhessel.com/', 'http://www.halvorson.com/', '64', '1988-04-17 16:38:49', '2021-04-15 19:19:36');
INSERT INTO `users` (`id`, `email`, `password`, `first_name`, `last_name`, `login`, `twitter_url`, `facebook_url`, `inst_url`, `avatar_id`, `created_at`, `updated_at`) VALUES ('65', 'hkuphal@example.com', 'f355358c2c129113b7e72ecf145dd48d9c2831bc', 'Talia', 'Wintheiser', 'lindgren', 'http://www.russel.com/', 'http://www.pfannerstill.biz/', 'http://howeschiller.com/', '65', '1991-08-11 07:25:12', '2021-04-15 19:19:36');
INSERT INTO `users` (`id`, `email`, `password`, `first_name`, `last_name`, `login`, `twitter_url`, `facebook_url`, `inst_url`, `avatar_id`, `created_at`, `updated_at`) VALUES ('66', 'schumm.maximilian@example.com', '7ab916255759f8aa7d6fe95eb093c5ff6f592385', 'Nicolas', 'Wunsch', 'tromproberts', 'http://www.little.com/', 'http://purdy.net/', 'http://rueckerconn.com/', '66', '1997-10-20 20:11:23', '2021-04-15 19:19:36');
INSERT INTO `users` (`id`, `email`, `password`, `first_name`, `last_name`, `login`, `twitter_url`, `facebook_url`, `inst_url`, `avatar_id`, `created_at`, `updated_at`) VALUES ('67', 'ywalker@example.com', '3fc49ff4a71940427dc3868fa8839ff36f82e0be', 'Curtis', 'Zulauf', 'mraz', 'http://www.kautzer.com/', 'http://www.fisher.biz/', 'http://quigleymurray.com/', '67', '2018-02-12 13:34:38', '2021-04-15 19:19:36');
INSERT INTO `users` (`id`, `email`, `password`, `first_name`, `last_name`, `login`, `twitter_url`, `facebook_url`, `inst_url`, `avatar_id`, `created_at`, `updated_at`) VALUES ('68', 'hjacobi@example.org', '2d8322abec0c7d8d1a12051c098cd0cc2a74784b', 'Tyra', 'Marquardt', 'moore', 'http://www.simonisbecker.com/', 'http://www.botsfordmurray.com/', 'http://bahringerfranecki.com/', '68', '2002-01-23 18:05:54', '2021-04-15 19:19:36');
INSERT INTO `users` (`id`, `email`, `password`, `first_name`, `last_name`, `login`, `twitter_url`, `facebook_url`, `inst_url`, `avatar_id`, `created_at`, `updated_at`) VALUES ('69', 'rae.murazik@example.org', '8ba1125a9d963a8bd2e571416e17378488dfc725', 'Luz', 'Kertzmann', 'quitzon', 'http://schoen.org/', 'http://www.terryerdman.info/', 'http://www.pagachowe.com/', '69', '1980-01-12 09:29:04', '2021-04-15 19:19:36');
INSERT INTO `users` (`id`, `email`, `password`, `first_name`, `last_name`, `login`, `twitter_url`, `facebook_url`, `inst_url`, `avatar_id`, `created_at`, `updated_at`) VALUES ('70', 'miguel.maggio@example.net', 'd8444f3f7d008940a48ac810b9c08198a740dd62', 'Erica', 'Powlowski', 'boylequigley', 'http://www.leannon.com/', 'http://www.berge.biz/', 'http://www.nolan.com/', '70', '2003-11-21 09:47:12', '2021-04-15 19:19:36');
INSERT INTO `users` (`id`, `email`, `password`, `first_name`, `last_name`, `login`, `twitter_url`, `facebook_url`, `inst_url`, `avatar_id`, `created_at`, `updated_at`) VALUES ('71', 'stroman.kendrick@example.net', '960860fe5fd0865bbdebeb1ac4d33da54446ff56', 'Mathew', 'Nader', 'simonisbalistreri', 'http://www.gislason.net/', 'http://ullrich.com/', 'http://framicruickshank.com/', '71', '1984-05-28 05:32:08', '2021-04-15 19:19:36');
INSERT INTO `users` (`id`, `email`, `password`, `first_name`, `last_name`, `login`, `twitter_url`, `facebook_url`, `inst_url`, `avatar_id`, `created_at`, `updated_at`) VALUES ('72', 'demarco08@example.org', 'd1b0670ef08a671e8613f1634fb3fb746087d60e', 'Cristian', 'Lind', 'morissettesimonis', 'http://hoppe.net/', 'http://gerlach.com/', 'http://www.lang.com/', '72', '2019-12-06 22:35:29', '2021-04-15 19:19:36');
INSERT INTO `users` (`id`, `email`, `password`, `first_name`, `last_name`, `login`, `twitter_url`, `facebook_url`, `inst_url`, `avatar_id`, `created_at`, `updated_at`) VALUES ('73', 'kohler.natalie@example.net', 'ff6dd55aad07129811e86a779207693882f360b7', 'Maurice', 'Flatley', 'toy', 'http://www.lindgren.info/', 'http://reichelglover.com/', 'http://emard.com/', '73', '2020-02-24 08:42:33', '2021-04-15 19:19:36');
INSERT INTO `users` (`id`, `email`, `password`, `first_name`, `last_name`, `login`, `twitter_url`, `facebook_url`, `inst_url`, `avatar_id`, `created_at`, `updated_at`) VALUES ('74', 'dbeatty@example.org', 'a16b07333d7f8799d681f55cffd08a773614a03b', 'Whitney', 'Fadel', 'casper', 'http://www.mertz.com/', 'http://gleichner.biz/', 'http://www.crooksnienow.com/', '74', '1983-05-13 21:27:56', '2021-04-15 19:19:36');
INSERT INTO `users` (`id`, `email`, `password`, `first_name`, `last_name`, `login`, `twitter_url`, `facebook_url`, `inst_url`, `avatar_id`, `created_at`, `updated_at`) VALUES ('75', 'hmann@example.org', '7f56e4af4f36102cda5b0cc9e7fd786aa14b09a7', 'Simone', 'Pfeffer', 'gusikowski', 'http://www.blick.com/', 'http://corwin.info/', 'http://www.hansen.com/', '75', '1975-04-02 07:56:28', '2021-04-15 19:19:36');
INSERT INTO `users` (`id`, `email`, `password`, `first_name`, `last_name`, `login`, `twitter_url`, `facebook_url`, `inst_url`, `avatar_id`, `created_at`, `updated_at`) VALUES ('76', 'keven.abshire@example.org', '588e9769c2e1eee78626215c71c80c09c7a9e233', 'Shane', 'Weimann', 'gottlieb', 'http://carrollankunding.com/', 'http://www.cormier.net/', 'http://braun.info/', '76', '2000-10-30 11:42:56', '2021-04-15 19:19:36');
INSERT INTO `users` (`id`, `email`, `password`, `first_name`, `last_name`, `login`, `twitter_url`, `facebook_url`, `inst_url`, `avatar_id`, `created_at`, `updated_at`) VALUES ('77', 'gregg64@example.com', '031f7813006ec68805d37645f2b30e8b0ad3d97a', 'Justine', 'OHara', 'mullercummerata', 'http://bradtke.info/', 'http://www.mohr.info/', 'http://www.thiel.com/', '77', '1985-11-21 05:38:46', '2021-04-15 19:19:36');
INSERT INTO `users` (`id`, `email`, `password`, `first_name`, `last_name`, `login`, `twitter_url`, `facebook_url`, `inst_url`, `avatar_id`, `created_at`, `updated_at`) VALUES ('78', 'geraldine10@example.com', 'e8369e380f7b8509e7afa141d647f6a4738e4e91', 'Randal', 'Zboncak', 'mulleremmerich', 'http://www.daughertymclaughlin.net/', 'http://satterfieldkshlerin.com/', 'http://www.brakus.com/', '78', '1991-01-03 22:46:51', '2021-04-15 19:19:36');
INSERT INTO `users` (`id`, `email`, `password`, `first_name`, `last_name`, `login`, `twitter_url`, `facebook_url`, `inst_url`, `avatar_id`, `created_at`, `updated_at`) VALUES ('79', 'kylie65@example.net', '2a022256235a6acd6cef21e17ee502f0e396662e', 'Adela', 'Kulas', 'stiedemann', 'http://eichmann.com/', 'http://feestritchie.com/', 'http://www.reichel.com/', '79', '2014-03-27 01:13:29', '2021-04-15 19:19:36');
INSERT INTO `users` (`id`, `email`, `password`, `first_name`, `last_name`, `login`, `twitter_url`, `facebook_url`, `inst_url`, `avatar_id`, `created_at`, `updated_at`) VALUES ('80', 'jammie.carroll@example.org', 'efca093a7d311413a61f0655112d940c5d494538', 'Toby', 'Lakin', 'langoshwatsica', 'http://www.bednarmohr.info/', 'http://www.cremin.net/', 'http://www.willms.com/', '80', '2006-04-26 00:22:14', '2021-04-15 19:19:36');
INSERT INTO `users` (`id`, `email`, `password`, `first_name`, `last_name`, `login`, `twitter_url`, `facebook_url`, `inst_url`, `avatar_id`, `created_at`, `updated_at`) VALUES ('81', 'sbrekke@example.com', '532c54a461dfdb16dcb965cd6bf1eaa7d27113f8', 'Teresa', 'Conn', 'lehner', 'http://www.rathhauck.biz/', 'http://www.homenickhaag.net/', 'http://bergnaum.com/', '81', '2000-03-20 07:02:46', '2021-04-15 19:19:36');
INSERT INTO `users` (`id`, `email`, `password`, `first_name`, `last_name`, `login`, `twitter_url`, `facebook_url`, `inst_url`, `avatar_id`, `created_at`, `updated_at`) VALUES ('82', 'mullrich@example.org', 'ae0e9c3e5c6c41f2fd63edc718f9ecdb42e9bde3', 'Arden', 'Larkin', 'murphy', 'http://heaney.com/', 'http://www.sawayn.com/', 'http://www.jenkins.com/', '82', '1994-10-25 10:09:54', '2021-04-15 19:19:36');
INSERT INTO `users` (`id`, `email`, `password`, `first_name`, `last_name`, `login`, `twitter_url`, `facebook_url`, `inst_url`, `avatar_id`, `created_at`, `updated_at`) VALUES ('83', 'gunnar.huels@example.org', 'bc114169ad2b0d095f2a4b8ec81adc018a0ac806', 'Clarissa', 'Lind', 'bergstrom', 'http://hayes.info/', 'http://www.emmerich.com/', 'http://www.wizabeatty.com/', '83', '2015-07-03 12:34:00', '2021-04-15 19:19:36');
INSERT INTO `users` (`id`, `email`, `password`, `first_name`, `last_name`, `login`, `twitter_url`, `facebook_url`, `inst_url`, `avatar_id`, `created_at`, `updated_at`) VALUES ('84', 'ella27@example.com', 'f98ebb216800c843e502ba5c2b0c043a05da854f', 'Maribel', 'Stoltenberg', 'sawaynbeahan', 'http://boyer.com/', 'http://www.keebler.com/', 'http://www.jacobi.com/', '84', '1999-12-10 11:58:40', '2021-04-15 19:19:36');
INSERT INTO `users` (`id`, `email`, `password`, `first_name`, `last_name`, `login`, `twitter_url`, `facebook_url`, `inst_url`, `avatar_id`, `created_at`, `updated_at`) VALUES ('85', 'maximillian.ziemann@example.net', '4bacf4d364c62879ff77a5227703ddd58c482a36', 'Larue', 'Dibbert', 'oconnell', 'http://emmerichbednar.com/', 'http://www.dubuque.com/', 'http://www.treutelroob.biz/', '85', '1998-01-16 11:04:33', '2021-04-15 19:19:36');
INSERT INTO `users` (`id`, `email`, `password`, `first_name`, `last_name`, `login`, `twitter_url`, `facebook_url`, `inst_url`, `avatar_id`, `created_at`, `updated_at`) VALUES ('86', 'monserrat.shanahan@example.net', '6cd101fb5436f42f068963a6ece23460e9ee2e38', 'Lonny', 'Jakubowski', 'satterfield', 'http://www.kling.com/', 'http://collins.com/', 'http://sawayn.biz/', '86', '1995-06-20 08:48:45', '2021-04-15 19:19:36');
INSERT INTO `users` (`id`, `email`, `password`, `first_name`, `last_name`, `login`, `twitter_url`, `facebook_url`, `inst_url`, `avatar_id`, `created_at`, `updated_at`) VALUES ('87', 'thad.littel@example.com', 'eae71b9861fcb43c3e59a171f796c1aef11a67af', 'Emerson', 'Kling', 'heller', 'http://mcculloughtrantow.info/', 'http://lemke.com/', 'http://willms.info/', '87', '1997-08-12 09:49:40', '2021-04-15 19:19:36');
INSERT INTO `users` (`id`, `email`, `password`, `first_name`, `last_name`, `login`, `twitter_url`, `facebook_url`, `inst_url`, `avatar_id`, `created_at`, `updated_at`) VALUES ('88', 'cassandra31@example.org', '5b493c3a97f09c627f81a213cb6d9eb4ddcd460d', 'Melyna', 'Lebsack', 'stroman', 'http://www.priceheaney.info/', 'http://armstrong.com/', 'http://emmerich.com/', '88', '1980-11-02 02:31:03', '2021-04-15 19:19:36');
INSERT INTO `users` (`id`, `email`, `password`, `first_name`, `last_name`, `login`, `twitter_url`, `facebook_url`, `inst_url`, `avatar_id`, `created_at`, `updated_at`) VALUES ('89', 'haylie76@example.net', '8a0c152b593462c2202b93c0fc2d8da6f093585e', 'Marlen', 'Hermann', 'murphybailey', 'http://klingjacobs.com/', 'http://hamill.net/', 'http://www.lockmanveum.com/', '89', '1987-04-30 02:58:22', '2021-04-15 19:19:36');
INSERT INTO `users` (`id`, `email`, `password`, `first_name`, `last_name`, `login`, `twitter_url`, `facebook_url`, `inst_url`, `avatar_id`, `created_at`, `updated_at`) VALUES ('90', 'gschamberger@example.com', '33bc116874c7acc715b768a3dc1c7d3ba01ebe62', 'Ilene', 'Ondricka', 'feil', 'http://www.kuhlmancassin.com/', 'http://binsharvey.com/', 'http://www.dubuque.org/', '90', '1999-04-01 02:46:46', '2021-04-15 19:19:36');
INSERT INTO `users` (`id`, `email`, `password`, `first_name`, `last_name`, `login`, `twitter_url`, `facebook_url`, `inst_url`, `avatar_id`, `created_at`, `updated_at`) VALUES ('91', 'sklein@example.org', '36248ae6b4a9e4cbaef18343bf4482bbf94a03e6', 'Ella', 'Vandervort', 'padberg', 'http://www.bernierwisoky.com/', 'http://turcotte.com/', 'http://hermanndonnelly.com/', '91', '1972-11-09 12:38:02', '2021-04-15 19:19:36');
INSERT INTO `users` (`id`, `email`, `password`, `first_name`, `last_name`, `login`, `twitter_url`, `facebook_url`, `inst_url`, `avatar_id`, `created_at`, `updated_at`) VALUES ('92', 'samara.zemlak@example.com', '50c26e6e68bd8083acd8a322cd702bb27c81bfef', 'Pearl', 'Botsford', 'schuster', 'http://www.bruen.org/', 'http://www.hahn.org/', 'http://www.nicolas.com/', '92', '1997-01-20 14:28:44', '2021-04-15 19:19:36');
INSERT INTO `users` (`id`, `email`, `password`, `first_name`, `last_name`, `login`, `twitter_url`, `facebook_url`, `inst_url`, `avatar_id`, `created_at`, `updated_at`) VALUES ('93', 'twiza@example.com', 'd99a8d9b8db6f0857029ab1684c8ecd3b3a348d8', 'Enos', 'McLaughlin', 'tillmanhessel', 'http://www.kub.biz/', 'http://raynor.org/', 'http://www.jacobi.org/', '93', '1990-05-14 12:29:14', '2021-04-15 19:19:36');
INSERT INTO `users` (`id`, `email`, `password`, `first_name`, `last_name`, `login`, `twitter_url`, `facebook_url`, `inst_url`, `avatar_id`, `created_at`, `updated_at`) VALUES ('94', 'jbecker@example.com', '0226263ce0fa51382fe597a6d10a17fe31df4889', 'Rhoda', 'Kessler', 'herzog', 'http://weberherman.net/', 'http://champlin.com/', 'http://www.cruickshanknitzsche.info/', '94', '1996-11-24 14:22:14', '2021-04-15 19:19:36');
INSERT INTO `users` (`id`, `email`, `password`, `first_name`, `last_name`, `login`, `twitter_url`, `facebook_url`, `inst_url`, `avatar_id`, `created_at`, `updated_at`) VALUES ('95', 'augusta.hudson@example.org', '510b93972e51d56004dc082a7d9f69e96411f8ec', 'Mustafa', 'Mayert', 'bartellgerlach', 'http://www.haley.biz/', 'http://www.stiedemann.org/', 'http://www.purdyrussel.biz/', '95', '1972-09-07 14:45:59', '2021-04-15 19:19:36');
INSERT INTO `users` (`id`, `email`, `password`, `first_name`, `last_name`, `login`, `twitter_url`, `facebook_url`, `inst_url`, `avatar_id`, `created_at`, `updated_at`) VALUES ('96', 'elebsack@example.com', '9b8bf8c21d3136976e8e0209a2867e39b0d7a38b', 'Stephan', 'Kuvalis', 'harberkuhlman', 'http://www.windler.com/', 'http://www.russelbernier.com/', 'http://ratke.net/', '96', '1981-01-22 04:05:05', '2021-04-15 19:19:36');
INSERT INTO `users` (`id`, `email`, `password`, `first_name`, `last_name`, `login`, `twitter_url`, `facebook_url`, `inst_url`, `avatar_id`, `created_at`, `updated_at`) VALUES ('97', 'cmcdermott@example.org', 'bc31ae53c6bf1b78417a17403b740b4fa73c9513', 'Meggie', 'Champlin', 'hamill', 'http://www.cole.biz/', 'http://wiza.com/', 'http://parkercummings.info/', '97', '2012-05-09 10:38:04', '2021-04-15 19:19:36');
INSERT INTO `users` (`id`, `email`, `password`, `first_name`, `last_name`, `login`, `twitter_url`, `facebook_url`, `inst_url`, `avatar_id`, `created_at`, `updated_at`) VALUES ('98', 'giovanny90@example.net', 'fa7be795dc80e4818389dff71756936790fdbe81', 'Lizeth', 'Cole', 'hills', 'http://www.denesik.info/', 'http://miller.com/', 'http://www.sipes.net/', '98', '1972-08-21 09:39:49', '2021-04-15 19:19:36');
INSERT INTO `users` (`id`, `email`, `password`, `first_name`, `last_name`, `login`, `twitter_url`, `facebook_url`, `inst_url`, `avatar_id`, `created_at`, `updated_at`) VALUES ('99', 'destany.kuhn@example.com', '0eaef3e8f58d0fb5e60f445c9293e25189bfbe17', 'Declan', 'Jerde', 'tremblay', 'http://sipes.com/', 'http://wizacrona.com/', 'http://gutkowski.com/', '99', '1999-12-09 06:18:20', '2021-04-15 19:19:36');
INSERT INTO `users` (`id`, `email`, `password`, `first_name`, `last_name`, `login`, `twitter_url`, `facebook_url`, `inst_url`, `avatar_id`, `created_at`, `updated_at`) VALUES ('100', 'xbauch@example.org', 'ad995876e5b51f1abcfff52d72e06b4b00a0060c', 'Garfield', 'Runolfsson', 'anderson', 'http://farrell.org/', 'http://www.roob.com/', 'http://www.prosacco.com/', '100', '1985-11-24 15:31:16', '2021-04-15 19:19:36');

INSERT INTO `artists` (`id`, `first_name`, `last_name`, `stage_name`, `avatar_id`, `created_at`, `updated_at`) VALUES ('1', 'Christopher', 'Jast', 'klocko', '1', '1992-01-03 00:48:51', '2021-04-15 19:20:42');
INSERT INTO `artists` (`id`, `first_name`, `last_name`, `stage_name`, `avatar_id`, `created_at`, `updated_at`) VALUES ('2', 'Deven', 'DuBuque', 'murphy', '2', '1976-07-26 03:52:30', '2021-04-15 19:20:42');
INSERT INTO `artists` (`id`, `first_name`, `last_name`, `stage_name`, `avatar_id`, `created_at`, `updated_at`) VALUES ('3', 'Rubie', 'Hackett', 'frami', '3', '1999-04-27 22:05:16', '2021-04-15 19:20:42');
INSERT INTO `artists` (`id`, `first_name`, `last_name`, `stage_name`, `avatar_id`, `created_at`, `updated_at`) VALUES ('4', 'Isac', 'Strosin', 'hirthe', '4', '1981-06-09 06:22:58', '2021-04-15 19:20:42');
INSERT INTO `artists` (`id`, `first_name`, `last_name`, `stage_name`, `avatar_id`, `created_at`, `updated_at`) VALUES ('5', 'Rosendo', 'Balistreri', 'champlin', '5', '2005-02-27 00:26:02', '2021-04-15 19:20:42');
INSERT INTO `artists` (`id`, `first_name`, `last_name`, `stage_name`, `avatar_id`, `created_at`, `updated_at`) VALUES ('6', 'Jake', 'Mosciski', 'oreilly', '6', '2000-07-26 15:47:56', '2021-04-15 19:20:42');
INSERT INTO `artists` (`id`, `first_name`, `last_name`, `stage_name`, `avatar_id`, `created_at`, `updated_at`) VALUES ('7', 'Talon', 'Nienow', 'bode', '7', '2013-05-11 21:29:48', '2021-04-15 19:20:42');
INSERT INTO `artists` (`id`, `first_name`, `last_name`, `stage_name`, `avatar_id`, `created_at`, `updated_at`) VALUES ('8', 'Felicity', 'Will', 'brakusleuschke', '8', '1980-09-04 02:36:37', '2021-04-15 19:20:42');
INSERT INTO `artists` (`id`, `first_name`, `last_name`, `stage_name`, `avatar_id`, `created_at`, `updated_at`) VALUES ('9', 'Rickie', 'Doyle', 'nader', '9', '2007-03-27 15:14:30', '2021-04-15 19:20:42');
INSERT INTO `artists` (`id`, `first_name`, `last_name`, `stage_name`, `avatar_id`, `created_at`, `updated_at`) VALUES ('10', 'Andrew', 'Hauck', 'friesen', '10', '1973-05-03 17:45:06', '2021-04-15 19:20:42');
INSERT INTO `artists` (`id`, `first_name`, `last_name`, `stage_name`, `avatar_id`, `created_at`, `updated_at`) VALUES ('11', 'Wilhelm', 'Kassulke', 'bergstrom', '11', '2018-06-11 03:42:38', '2021-04-15 19:20:42');
INSERT INTO `artists` (`id`, `first_name`, `last_name`, `stage_name`, `avatar_id`, `created_at`, `updated_at`) VALUES ('12', 'Noemie', 'Schneider', 'schultz', '12', '2004-01-27 12:50:02', '2021-04-15 19:20:42');
INSERT INTO `artists` (`id`, `first_name`, `last_name`, `stage_name`, `avatar_id`, `created_at`, `updated_at`) VALUES ('13', 'Mafalda', 'Fritsch', 'mayert', '13', '2012-06-23 03:59:30', '2021-04-15 19:20:42');
INSERT INTO `artists` (`id`, `first_name`, `last_name`, `stage_name`, `avatar_id`, `created_at`, `updated_at`) VALUES ('14', 'Louie', 'Nikolaus', 'medhurst', '14', '1979-01-20 04:09:39', '2021-04-15 19:20:42');
INSERT INTO `artists` (`id`, `first_name`, `last_name`, `stage_name`, `avatar_id`, `created_at`, `updated_at`) VALUES ('15', 'Abel', 'Rodriguez', 'harveyeffertz', '15', '2012-11-19 23:37:36', '2021-04-15 19:20:42');
INSERT INTO `artists` (`id`, `first_name`, `last_name`, `stage_name`, `avatar_id`, `created_at`, `updated_at`) VALUES ('16', 'Edmond', 'Bednar', 'dietrich', '16', '2003-04-30 01:42:32', '2021-04-15 19:20:42');
INSERT INTO `artists` (`id`, `first_name`, `last_name`, `stage_name`, `avatar_id`, `created_at`, `updated_at`) VALUES ('17', 'Brielle', 'Lehner', 'fisher', '17', '2019-03-13 09:09:16', '2021-04-15 19:20:42');
INSERT INTO `artists` (`id`, `first_name`, `last_name`, `stage_name`, `avatar_id`, `created_at`, `updated_at`) VALUES ('18', 'Malvina', 'Brakus', 'borer', '18', '2014-10-12 03:19:43', '2021-04-15 19:20:42');
INSERT INTO `artists` (`id`, `first_name`, `last_name`, `stage_name`, `avatar_id`, `created_at`, `updated_at`) VALUES ('19', 'Cydney', 'Gleichner', 'kerlukeadams', '19', '2016-04-07 09:57:58', '2021-04-15 19:20:42');
INSERT INTO `artists` (`id`, `first_name`, `last_name`, `stage_name`, `avatar_id`, `created_at`, `updated_at`) VALUES ('20', 'Fredrick', 'Reichert', 'hyatthagenes', '20', '2015-12-01 12:09:35', '2021-04-15 19:20:42');
INSERT INTO `artists` (`id`, `first_name`, `last_name`, `stage_name`, `avatar_id`, `created_at`, `updated_at`) VALUES ('21', 'Murphy', 'Greenfelder', 'schroedermcclure', '21', '1981-02-11 06:21:08', '2021-04-15 19:20:42');
INSERT INTO `artists` (`id`, `first_name`, `last_name`, `stage_name`, `avatar_id`, `created_at`, `updated_at`) VALUES ('22', 'Webster', 'Torp', 'anderson', '22', '1981-06-25 20:00:08', '2021-04-15 19:20:42');
INSERT INTO `artists` (`id`, `first_name`, `last_name`, `stage_name`, `avatar_id`, `created_at`, `updated_at`) VALUES ('23', 'Brenda', 'Strosin', 'kreigerhills', '23', '2015-01-15 03:09:48', '2021-04-15 19:20:42');
INSERT INTO `artists` (`id`, `first_name`, `last_name`, `stage_name`, `avatar_id`, `created_at`, `updated_at`) VALUES ('24', 'Mckenzie', 'Lehner', 'connelly', '24', '2015-04-03 23:28:49', '2021-04-15 19:20:42');
INSERT INTO `artists` (`id`, `first_name`, `last_name`, `stage_name`, `avatar_id`, `created_at`, `updated_at`) VALUES ('25', 'Keira', 'Hermiston', 'barrows', '25', '1996-04-17 12:56:34', '2021-04-15 19:20:42');
INSERT INTO `artists` (`id`, `first_name`, `last_name`, `stage_name`, `avatar_id`, `created_at`, `updated_at`) VALUES ('26', 'Claudie', 'Denesik', 'pacocha', '26', '1974-11-09 10:39:55', '2021-04-15 19:20:42');
INSERT INTO `artists` (`id`, `first_name`, `last_name`, `stage_name`, `avatar_id`, `created_at`, `updated_at`) VALUES ('27', 'Beth', 'Crooks', 'cremin', '27', '1994-03-24 02:49:33', '2021-04-15 19:20:42');
INSERT INTO `artists` (`id`, `first_name`, `last_name`, `stage_name`, `avatar_id`, `created_at`, `updated_at`) VALUES ('28', 'Carol', 'Murphy', 'kohlergrady', '28', '1999-12-25 08:52:58', '2021-04-15 19:20:42');
INSERT INTO `artists` (`id`, `first_name`, `last_name`, `stage_name`, `avatar_id`, `created_at`, `updated_at`) VALUES ('29', 'Nicolas', 'Schroeder', 'trantow', '29', '1974-08-01 14:56:49', '2021-04-15 19:20:42');
INSERT INTO `artists` (`id`, `first_name`, `last_name`, `stage_name`, `avatar_id`, `created_at`, `updated_at`) VALUES ('30', 'Adolf', 'Dach', 'hahnspencer', '30', '1989-01-07 00:58:32', '2021-04-15 19:20:42');
INSERT INTO `artists` (`id`, `first_name`, `last_name`, `stage_name`, `avatar_id`, `created_at`, `updated_at`) VALUES ('31', 'Ottis', 'Reichert', 'emard', '31', '2019-03-02 00:24:26', '2021-04-15 19:20:42');
INSERT INTO `artists` (`id`, `first_name`, `last_name`, `stage_name`, `avatar_id`, `created_at`, `updated_at`) VALUES ('32', 'Nathanael', 'Jacobs', 'corwin', '32', '1999-10-13 02:50:08', '2021-04-15 19:20:42');
INSERT INTO `artists` (`id`, `first_name`, `last_name`, `stage_name`, `avatar_id`, `created_at`, `updated_at`) VALUES ('33', 'Jonathan', 'Franecki', 'turcottekeebler', '33', '2005-10-09 10:13:21', '2021-04-15 19:20:42');
INSERT INTO `artists` (`id`, `first_name`, `last_name`, `stage_name`, `avatar_id`, `created_at`, `updated_at`) VALUES ('34', 'Deshaun', 'Rippin', 'effertz', '34', '1983-09-08 07:26:22', '2021-04-15 19:20:42');
INSERT INTO `artists` (`id`, `first_name`, `last_name`, `stage_name`, `avatar_id`, `created_at`, `updated_at`) VALUES ('35', 'Marcelle', 'Frami', 'powlowskihoppe', '35', '1976-11-16 16:16:12', '2021-04-15 19:20:42');
INSERT INTO `artists` (`id`, `first_name`, `last_name`, `stage_name`, `avatar_id`, `created_at`, `updated_at`) VALUES ('36', 'Monroe', 'Green', 'kozeyrutherford', '36', '1994-05-28 21:22:38', '2021-04-15 19:20:42');
INSERT INTO `artists` (`id`, `first_name`, `last_name`, `stage_name`, `avatar_id`, `created_at`, `updated_at`) VALUES ('37', 'Martine', 'Trantow', 'vonwintheiser', '37', '2005-06-03 22:16:29', '2021-04-15 19:20:42');
INSERT INTO `artists` (`id`, `first_name`, `last_name`, `stage_name`, `avatar_id`, `created_at`, `updated_at`) VALUES ('38', 'Alivia', 'Senger', 'kassulke', '38', '1989-06-12 18:32:10', '2021-04-15 19:20:42');
INSERT INTO `artists` (`id`, `first_name`, `last_name`, `stage_name`, `avatar_id`, `created_at`, `updated_at`) VALUES ('39', 'Morgan', 'Mertz', 'reichelsimonis', '39', '1992-04-20 14:22:04', '2021-04-15 19:20:42');
INSERT INTO `artists` (`id`, `first_name`, `last_name`, `stage_name`, `avatar_id`, `created_at`, `updated_at`) VALUES ('40', 'Kris', 'Hagenes', 'turcotte', '40', '2007-12-18 03:04:45', '2021-04-15 19:20:42');
INSERT INTO `artists` (`id`, `first_name`, `last_name`, `stage_name`, `avatar_id`, `created_at`, `updated_at`) VALUES ('41', 'Rae', 'Kovacek', 'schoen', '41', '1997-08-03 11:04:06', '2021-04-15 19:20:42');
INSERT INTO `artists` (`id`, `first_name`, `last_name`, `stage_name`, `avatar_id`, `created_at`, `updated_at`) VALUES ('42', 'Ottilie', 'Bashirian', 'walter', '42', '2015-07-23 09:08:36', '2021-04-15 19:20:42');
INSERT INTO `artists` (`id`, `first_name`, `last_name`, `stage_name`, `avatar_id`, `created_at`, `updated_at`) VALUES ('43', 'Gisselle', 'Shields', 'kerlukebartell', '43', '2020-03-18 03:05:52', '2021-04-15 19:20:42');
INSERT INTO `artists` (`id`, `first_name`, `last_name`, `stage_name`, `avatar_id`, `created_at`, `updated_at`) VALUES ('44', 'Marcos', 'Frami', 'ratke', '44', '1975-06-17 23:54:20', '2021-04-15 19:20:42');
INSERT INTO `artists` (`id`, `first_name`, `last_name`, `stage_name`, `avatar_id`, `created_at`, `updated_at`) VALUES ('45', 'Tamara', 'Streich', 'hansen', '45', '1998-04-26 20:13:56', '2021-04-15 19:20:42');
INSERT INTO `artists` (`id`, `first_name`, `last_name`, `stage_name`, `avatar_id`, `created_at`, `updated_at`) VALUES ('46', 'Margaretta', 'Tromp', 'moore', '46', '1970-09-06 04:27:32', '2021-04-15 19:20:42');
INSERT INTO `artists` (`id`, `first_name`, `last_name`, `stage_name`, `avatar_id`, `created_at`, `updated_at`) VALUES ('47', 'Mandy', 'Little', 'okon', '47', '2009-09-21 03:16:06', '2021-04-15 19:20:42');
INSERT INTO `artists` (`id`, `first_name`, `last_name`, `stage_name`, `avatar_id`, `created_at`, `updated_at`) VALUES ('48', 'Isadore', 'Sipes', 'ernser', '48', '1993-12-12 15:02:30', '2021-04-15 19:20:42');
INSERT INTO `artists` (`id`, `first_name`, `last_name`, `stage_name`, `avatar_id`, `created_at`, `updated_at`) VALUES ('49', 'Kiley', 'Schmitt', 'fisherhodkiewicz', '49', '1972-10-17 03:18:09', '2021-04-15 19:20:42');
INSERT INTO `artists` (`id`, `first_name`, `last_name`, `stage_name`, `avatar_id`, `created_at`, `updated_at`) VALUES ('50', 'Liam', 'Ritchie', 'gutmann', '50', '1989-11-05 17:19:39', '2021-04-15 19:20:42');
INSERT INTO `artists` (`id`, `first_name`, `last_name`, `stage_name`, `avatar_id`, `created_at`, `updated_at`) VALUES ('51', 'Henriette', 'Hirthe', 'danielwyman', '51', '1970-11-11 17:12:09', '2021-04-15 19:20:42');
INSERT INTO `artists` (`id`, `first_name`, `last_name`, `stage_name`, `avatar_id`, `created_at`, `updated_at`) VALUES ('52', 'Janae', 'Boyle', 'tromp', '52', '1989-08-08 01:21:24', '2021-04-15 19:20:42');
INSERT INTO `artists` (`id`, `first_name`, `last_name`, `stage_name`, `avatar_id`, `created_at`, `updated_at`) VALUES ('53', 'Samanta', 'Morissette', 'thiel', '53', '1978-04-02 04:03:32', '2021-04-15 19:20:42');
INSERT INTO `artists` (`id`, `first_name`, `last_name`, `stage_name`, `avatar_id`, `created_at`, `updated_at`) VALUES ('54', 'Luis', 'Gutkowski', 'mertz', '54', '1995-09-21 19:47:20', '2021-04-15 19:20:42');
INSERT INTO `artists` (`id`, `first_name`, `last_name`, `stage_name`, `avatar_id`, `created_at`, `updated_at`) VALUES ('55', 'Cathy', 'OKeefe', 'kuhnfarrell', '55', '2005-03-11 20:10:52', '2021-04-15 19:20:42');
INSERT INTO `artists` (`id`, `first_name`, `last_name`, `stage_name`, `avatar_id`, `created_at`, `updated_at`) VALUES ('56', 'Lewis', 'Streich', 'lindgren', '56', '1981-12-27 06:45:32', '2021-04-15 19:20:42');
INSERT INTO `artists` (`id`, `first_name`, `last_name`, `stage_name`, `avatar_id`, `created_at`, `updated_at`) VALUES ('57', 'Lindsey', 'Grant', 'strackehagenes', '57', '2002-04-05 09:56:54', '2021-04-15 19:20:42');
INSERT INTO `artists` (`id`, `first_name`, `last_name`, `stage_name`, `avatar_id`, `created_at`, `updated_at`) VALUES ('58', 'Earlene', 'Beahan', 'williamson', '58', '1973-06-22 17:33:22', '2021-04-15 19:20:42');
INSERT INTO `artists` (`id`, `first_name`, `last_name`, `stage_name`, `avatar_id`, `created_at`, `updated_at`) VALUES ('59', 'Jody', 'Waters', 'orn', '59', '2003-02-02 15:15:39', '2021-04-15 19:20:42');
INSERT INTO `artists` (`id`, `first_name`, `last_name`, `stage_name`, `avatar_id`, `created_at`, `updated_at`) VALUES ('60', 'Haven', 'Labadie', 'cartwrightkuvalis', '60', '1984-09-11 07:43:48', '2021-04-15 19:20:42');
INSERT INTO `artists` (`id`, `first_name`, `last_name`, `stage_name`, `avatar_id`, `created_at`, `updated_at`) VALUES ('61', 'Frederique', 'Anderson', 'ritchiezulauf', '61', '2013-01-05 15:38:06', '2021-04-15 19:20:42');
INSERT INTO `artists` (`id`, `first_name`, `last_name`, `stage_name`, `avatar_id`, `created_at`, `updated_at`) VALUES ('62', 'Anne', 'Connelly', 'prosaccoemmerich', '62', '1993-04-13 16:06:12', '2021-04-15 19:20:42');
INSERT INTO `artists` (`id`, `first_name`, `last_name`, `stage_name`, `avatar_id`, `created_at`, `updated_at`) VALUES ('63', 'Melody', 'Deckow', 'conn', '63', '1998-11-23 18:59:50', '2021-04-15 19:20:42');
INSERT INTO `artists` (`id`, `first_name`, `last_name`, `stage_name`, `avatar_id`, `created_at`, `updated_at`) VALUES ('64', 'Thea', 'Shanahan', 'cartwrightwolf', '64', '2011-11-08 22:00:28', '2021-04-15 19:20:42');
INSERT INTO `artists` (`id`, `first_name`, `last_name`, `stage_name`, `avatar_id`, `created_at`, `updated_at`) VALUES ('65', 'Watson', 'Orn', 'powlowski', '65', '2003-01-06 16:41:17', '2021-04-15 19:20:42');
INSERT INTO `artists` (`id`, `first_name`, `last_name`, `stage_name`, `avatar_id`, `created_at`, `updated_at`) VALUES ('66', 'Nels', 'Kunde', 'smith', '66', '1970-07-06 19:22:51', '2021-04-15 19:20:42');
INSERT INTO `artists` (`id`, `first_name`, `last_name`, `stage_name`, `avatar_id`, `created_at`, `updated_at`) VALUES ('67', 'Clinton', 'Emmerich', 'gerlachpacocha', '67', '2020-12-14 01:54:54', '2021-04-15 19:20:42');
INSERT INTO `artists` (`id`, `first_name`, `last_name`, `stage_name`, `avatar_id`, `created_at`, `updated_at`) VALUES ('68', 'Brionna', 'Runolfsdottir', 'rice', '68', '1998-01-17 20:44:29', '2021-04-15 19:20:42');
INSERT INTO `artists` (`id`, `first_name`, `last_name`, `stage_name`, `avatar_id`, `created_at`, `updated_at`) VALUES ('69', 'Beau', 'Rodriguez', 'larsonthiel', '69', '1997-11-23 13:36:38', '2021-04-15 19:20:42');
INSERT INTO `artists` (`id`, `first_name`, `last_name`, `stage_name`, `avatar_id`, `created_at`, `updated_at`) VALUES ('70', 'Eliane', 'Batz', 'boyerkrajcik', '70', '2007-06-11 14:23:54', '2021-04-15 19:20:42');
INSERT INTO `artists` (`id`, `first_name`, `last_name`, `stage_name`, `avatar_id`, `created_at`, `updated_at`) VALUES ('71', 'Susana', 'Lynch', 'hyattadams', '71', '2013-03-11 16:12:53', '2021-04-15 19:20:42');
INSERT INTO `artists` (`id`, `first_name`, `last_name`, `stage_name`, `avatar_id`, `created_at`, `updated_at`) VALUES ('72', 'Litzy', 'Bernhard', 'wiegand', '72', '2018-07-01 23:33:50', '2021-04-15 19:20:42');
INSERT INTO `artists` (`id`, `first_name`, `last_name`, `stage_name`, `avatar_id`, `created_at`, `updated_at`) VALUES ('73', 'Beaulah', 'Jones', 'rempel', '73', '1973-02-05 17:20:40', '2021-04-15 19:20:42');
INSERT INTO `artists` (`id`, `first_name`, `last_name`, `stage_name`, `avatar_id`, `created_at`, `updated_at`) VALUES ('74', 'Loyce', 'Crooks', 'bruenkuhlman', '74', '2006-02-01 03:48:19', '2021-04-15 19:20:42');
INSERT INTO `artists` (`id`, `first_name`, `last_name`, `stage_name`, `avatar_id`, `created_at`, `updated_at`) VALUES ('75', 'Patience', 'Langworth', 'crona', '75', '1996-08-07 17:03:26', '2021-04-15 19:20:42');
INSERT INTO `artists` (`id`, `first_name`, `last_name`, `stage_name`, `avatar_id`, `created_at`, `updated_at`) VALUES ('76', 'Darrion', 'King', 'weimann', '76', '2008-11-06 16:08:21', '2021-04-15 19:20:42');
INSERT INTO `artists` (`id`, `first_name`, `last_name`, `stage_name`, `avatar_id`, `created_at`, `updated_at`) VALUES ('77', 'Magdalen', 'White', 'littlegleichner', '77', '1992-09-08 13:43:25', '2021-04-15 19:20:42');
INSERT INTO `artists` (`id`, `first_name`, `last_name`, `stage_name`, `avatar_id`, `created_at`, `updated_at`) VALUES ('78', 'Sylvan', 'Osinski', 'prohaska', '78', '2006-06-05 10:16:27', '2021-04-15 19:20:42');
INSERT INTO `artists` (`id`, `first_name`, `last_name`, `stage_name`, `avatar_id`, `created_at`, `updated_at`) VALUES ('79', 'Leslie', 'Reichel', 'kuhic', '79', '1983-01-20 12:26:07', '2021-04-15 19:20:42');
INSERT INTO `artists` (`id`, `first_name`, `last_name`, `stage_name`, `avatar_id`, `created_at`, `updated_at`) VALUES ('80', 'Betty', 'McClure', 'murazik', '80', '1990-06-02 00:29:55', '2021-04-15 19:20:42');
INSERT INTO `artists` (`id`, `first_name`, `last_name`, `stage_name`, `avatar_id`, `created_at`, `updated_at`) VALUES ('81', 'Imelda', 'Zulauf', 'kessler', '81', '1980-01-15 00:00:21', '2021-04-15 19:20:42');
INSERT INTO `artists` (`id`, `first_name`, `last_name`, `stage_name`, `avatar_id`, `created_at`, `updated_at`) VALUES ('82', 'Violette', 'Beer', 'wilkinson', '82', '2018-10-02 04:48:53', '2021-04-15 19:20:42');
INSERT INTO `artists` (`id`, `first_name`, `last_name`, `stage_name`, `avatar_id`, `created_at`, `updated_at`) VALUES ('83', 'Lance', 'Ferry', 'jerde', '83', '2000-10-22 06:35:47', '2021-04-15 19:20:42');
INSERT INTO `artists` (`id`, `first_name`, `last_name`, `stage_name`, `avatar_id`, `created_at`, `updated_at`) VALUES ('84', 'Malachi', 'Fisher', 'adamskrajcik', '84', '1989-10-29 11:59:10', '2021-04-15 19:20:42');
INSERT INTO `artists` (`id`, `first_name`, `last_name`, `stage_name`, `avatar_id`, `created_at`, `updated_at`) VALUES ('85', 'Adrienne', 'Purdy', 'fritschhalvorson', '85', '2017-03-25 11:36:42', '2021-04-15 19:20:42');
INSERT INTO `artists` (`id`, `first_name`, `last_name`, `stage_name`, `avatar_id`, `created_at`, `updated_at`) VALUES ('86', 'Damien', 'Romaguera', 'davisoconner', '86', '1998-05-05 16:32:14', '2021-04-15 19:20:42');
INSERT INTO `artists` (`id`, `first_name`, `last_name`, `stage_name`, `avatar_id`, `created_at`, `updated_at`) VALUES ('87', 'Luz', 'Nitzsche', 'kunze', '87', '1994-02-12 03:37:09', '2021-04-15 19:20:42');
INSERT INTO `artists` (`id`, `first_name`, `last_name`, `stage_name`, `avatar_id`, `created_at`, `updated_at`) VALUES ('88', 'Presley', 'Heidenreich', 'graham', '88', '1975-11-09 21:34:36', '2021-04-15 19:20:42');
INSERT INTO `artists` (`id`, `first_name`, `last_name`, `stage_name`, `avatar_id`, `created_at`, `updated_at`) VALUES ('89', 'Jesus', 'Ziemann', 'kub', '89', '2012-03-05 10:56:56', '2021-04-15 19:20:42');
INSERT INTO `artists` (`id`, `first_name`, `last_name`, `stage_name`, `avatar_id`, `created_at`, `updated_at`) VALUES ('90', 'Kassandra', 'Heaney', 'christiansen', '90', '2018-07-25 14:35:14', '2021-04-15 19:20:42');
INSERT INTO `artists` (`id`, `first_name`, `last_name`, `stage_name`, `avatar_id`, `created_at`, `updated_at`) VALUES ('91', 'Aliya', 'Lindgren', 'dooley', '91', '1993-03-31 10:02:53', '2021-04-15 19:20:42');
INSERT INTO `artists` (`id`, `first_name`, `last_name`, `stage_name`, `avatar_id`, `created_at`, `updated_at`) VALUES ('92', 'Edd', 'Grant', 'bernier', '92', '2002-10-23 13:00:47', '2021-04-15 19:20:42');
INSERT INTO `artists` (`id`, `first_name`, `last_name`, `stage_name`, `avatar_id`, `created_at`, `updated_at`) VALUES ('93', 'Laisha', 'Kreiger', 'shanahan', '93', '1980-10-09 23:37:46', '2021-04-15 19:20:42');
INSERT INTO `artists` (`id`, `first_name`, `last_name`, `stage_name`, `avatar_id`, `created_at`, `updated_at`) VALUES ('94', 'Joshuah', 'Anderson', 'harveyeichmann', '94', '1981-11-08 09:57:40', '2021-04-15 19:20:42');
INSERT INTO `artists` (`id`, `first_name`, `last_name`, `stage_name`, `avatar_id`, `created_at`, `updated_at`) VALUES ('95', 'Christy', 'Aufderhar', 'fritschankunding', '95', '1971-02-14 23:55:28', '2021-04-15 19:20:42');
INSERT INTO `artists` (`id`, `first_name`, `last_name`, `stage_name`, `avatar_id`, `created_at`, `updated_at`) VALUES ('96', 'Aleen', 'Conn', 'herman', '96', '1982-04-22 18:12:46', '2021-04-15 19:20:42');
INSERT INTO `artists` (`id`, `first_name`, `last_name`, `stage_name`, `avatar_id`, `created_at`, `updated_at`) VALUES ('97', 'Zack', 'Farrell', 'prohaskalabadie', '97', '1980-07-23 05:35:45', '2021-04-15 19:20:42');
INSERT INTO `artists` (`id`, `first_name`, `last_name`, `stage_name`, `avatar_id`, `created_at`, `updated_at`) VALUES ('98', 'Marisa', 'Adams', 'bergnaum', '98', '2017-09-22 07:04:38', '2021-04-15 19:20:42');
INSERT INTO `artists` (`id`, `first_name`, `last_name`, `stage_name`, `avatar_id`, `created_at`, `updated_at`) VALUES ('99', 'Susan', 'Kautzer', 'altenwerth', '99', '2018-04-28 18:34:38', '2021-04-15 19:20:42');
INSERT INTO `artists` (`id`, `first_name`, `last_name`, `stage_name`, `avatar_id`, `created_at`, `updated_at`) VALUES ('100', 'Dee', 'Greenholt', 'beckerhowe', '100', '1979-06-04 06:23:11', '2021-04-15 19:20:42');

INSERT INTO `albums` (`id`, `artist_id`, `name`, `cover_id`, `created_at`, `updated_at`) VALUES ('1', '1', 'nulla', '1', '1994-12-01 08:50:13', '2021-04-15 19:22:20');
INSERT INTO `albums` (`id`, `artist_id`, `name`, `cover_id`, `created_at`, `updated_at`) VALUES ('2', '2', 'quia', '2', '1971-08-08 15:13:28', '2021-04-15 19:22:20');
INSERT INTO `albums` (`id`, `artist_id`, `name`, `cover_id`, `created_at`, `updated_at`) VALUES ('3', '3', 'velit', '3', '1970-10-30 22:48:04', '2021-04-15 19:22:20');
INSERT INTO `albums` (`id`, `artist_id`, `name`, `cover_id`, `created_at`, `updated_at`) VALUES ('4', '4', 'culpa', '4', '1994-11-03 03:10:25', '2021-04-15 19:22:20');
INSERT INTO `albums` (`id`, `artist_id`, `name`, `cover_id`, `created_at`, `updated_at`) VALUES ('5', '5', 'laboriosam', '5', '1981-07-02 07:05:09', '2021-04-15 19:22:20');
INSERT INTO `albums` (`id`, `artist_id`, `name`, `cover_id`, `created_at`, `updated_at`) VALUES ('6', '6', 'ratione', '6', '1975-04-04 17:02:29', '2021-04-15 19:22:20');
INSERT INTO `albums` (`id`, `artist_id`, `name`, `cover_id`, `created_at`, `updated_at`) VALUES ('7', '7', 'iure', '7', '1984-01-30 05:58:39', '2021-04-15 19:22:20');
INSERT INTO `albums` (`id`, `artist_id`, `name`, `cover_id`, `created_at`, `updated_at`) VALUES ('8', '8', 'ut', '8', '2008-03-08 11:42:40', '2021-04-15 19:22:20');
INSERT INTO `albums` (`id`, `artist_id`, `name`, `cover_id`, `created_at`, `updated_at`) VALUES ('9', '9', 'temporibus', '9', '1984-03-17 14:12:51', '2021-04-15 19:22:20');
INSERT INTO `albums` (`id`, `artist_id`, `name`, `cover_id`, `created_at`, `updated_at`) VALUES ('10', '10', 'nesciunt', '10', '2001-11-30 05:42:14', '2021-04-15 19:22:20');
INSERT INTO `albums` (`id`, `artist_id`, `name`, `cover_id`, `created_at`, `updated_at`) VALUES ('11', '11', 'ab', '11', '2009-02-16 06:14:21', '2021-04-15 19:22:20');
INSERT INTO `albums` (`id`, `artist_id`, `name`, `cover_id`, `created_at`, `updated_at`) VALUES ('12', '12', 'quisquam', '12', '2007-03-08 09:45:10', '2021-04-15 19:22:20');
INSERT INTO `albums` (`id`, `artist_id`, `name`, `cover_id`, `created_at`, `updated_at`) VALUES ('13', '13', 'maiores', '13', '1998-07-28 23:30:14', '2021-04-15 19:22:20');
INSERT INTO `albums` (`id`, `artist_id`, `name`, `cover_id`, `created_at`, `updated_at`) VALUES ('14', '14', 'mollitia', '14', '1994-08-27 00:49:28', '2021-04-15 19:22:20');
INSERT INTO `albums` (`id`, `artist_id`, `name`, `cover_id`, `created_at`, `updated_at`) VALUES ('15', '15', 'rem', '15', '2019-03-04 19:52:21', '2021-04-15 19:22:20');
INSERT INTO `albums` (`id`, `artist_id`, `name`, `cover_id`, `created_at`, `updated_at`) VALUES ('16', '16', 'quis', '16', '1980-03-23 14:58:03', '2021-04-15 19:22:20');
INSERT INTO `albums` (`id`, `artist_id`, `name`, `cover_id`, `created_at`, `updated_at`) VALUES ('17', '17', 'ipsam', '17', '1973-11-09 11:55:27', '2021-04-15 19:22:20');
INSERT INTO `albums` (`id`, `artist_id`, `name`, `cover_id`, `created_at`, `updated_at`) VALUES ('18', '18', 'sint', '18', '2013-04-20 23:02:25', '2021-04-15 19:22:20');
INSERT INTO `albums` (`id`, `artist_id`, `name`, `cover_id`, `created_at`, `updated_at`) VALUES ('19', '19', 'dolor', '19', '2018-08-13 06:31:58', '2021-04-15 19:22:20');
INSERT INTO `albums` (`id`, `artist_id`, `name`, `cover_id`, `created_at`, `updated_at`) VALUES ('20', '20', 'voluptas', '20', '1994-12-21 18:14:06', '2021-04-15 19:22:20');
INSERT INTO `albums` (`id`, `artist_id`, `name`, `cover_id`, `created_at`, `updated_at`) VALUES ('21', '21', 'omnis', '21', '1974-10-22 19:26:29', '2021-04-15 19:22:20');
INSERT INTO `albums` (`id`, `artist_id`, `name`, `cover_id`, `created_at`, `updated_at`) VALUES ('22', '22', 'commodi', '22', '1993-06-19 15:34:36', '2021-04-15 19:22:20');
INSERT INTO `albums` (`id`, `artist_id`, `name`, `cover_id`, `created_at`, `updated_at`) VALUES ('23', '23', 'eum', '23', '2017-05-25 23:06:30', '2021-04-15 19:22:20');
INSERT INTO `albums` (`id`, `artist_id`, `name`, `cover_id`, `created_at`, `updated_at`) VALUES ('24', '24', 'aperiam', '24', '1996-07-29 05:08:05', '2021-04-15 19:22:20');
INSERT INTO `albums` (`id`, `artist_id`, `name`, `cover_id`, `created_at`, `updated_at`) VALUES ('25', '25', 'autem', '25', '2018-03-30 09:47:43', '2021-04-15 19:22:20');
INSERT INTO `albums` (`id`, `artist_id`, `name`, `cover_id`, `created_at`, `updated_at`) VALUES ('26', '26', 'aut', '26', '1970-12-12 08:47:25', '2021-04-15 19:22:20');
INSERT INTO `albums` (`id`, `artist_id`, `name`, `cover_id`, `created_at`, `updated_at`) VALUES ('27', '27', 'porro', '27', '1984-02-01 23:08:22', '2021-04-15 19:22:20');
INSERT INTO `albums` (`id`, `artist_id`, `name`, `cover_id`, `created_at`, `updated_at`) VALUES ('28', '28', 'odio', '28', '1991-05-15 05:57:33', '2021-04-15 19:22:20');
INSERT INTO `albums` (`id`, `artist_id`, `name`, `cover_id`, `created_at`, `updated_at`) VALUES ('29', '29', 'est', '29', '2014-10-11 20:27:37', '2021-04-15 19:22:20');
INSERT INTO `albums` (`id`, `artist_id`, `name`, `cover_id`, `created_at`, `updated_at`) VALUES ('30', '30', 'esse', '30', '2017-05-10 07:43:24', '2021-04-15 19:22:20');
INSERT INTO `albums` (`id`, `artist_id`, `name`, `cover_id`, `created_at`, `updated_at`) VALUES ('31', '31', 'reprehenderit', '31', '2013-05-06 22:24:16', '2021-04-15 19:22:20');
INSERT INTO `albums` (`id`, `artist_id`, `name`, `cover_id`, `created_at`, `updated_at`) VALUES ('32', '32', 'accusantium', '32', '2009-02-14 10:29:33', '2021-04-15 19:22:20');
INSERT INTO `albums` (`id`, `artist_id`, `name`, `cover_id`, `created_at`, `updated_at`) VALUES ('33', '33', 'numquam', '33', '2010-08-07 13:07:10', '2021-04-15 19:22:20');
INSERT INTO `albums` (`id`, `artist_id`, `name`, `cover_id`, `created_at`, `updated_at`) VALUES ('34', '34', 'non', '34', '2014-05-26 03:00:40', '2021-04-15 19:22:20');
INSERT INTO `albums` (`id`, `artist_id`, `name`, `cover_id`, `created_at`, `updated_at`) VALUES ('35', '35', 'veritatis', '35', '2005-09-09 08:05:37', '2021-04-15 19:22:20');
INSERT INTO `albums` (`id`, `artist_id`, `name`, `cover_id`, `created_at`, `updated_at`) VALUES ('36', '36', 'repudiandae', '36', '2018-07-06 05:20:34', '2021-04-15 19:22:20');
INSERT INTO `albums` (`id`, `artist_id`, `name`, `cover_id`, `created_at`, `updated_at`) VALUES ('37', '37', 'illo', '37', '1993-02-07 20:41:12', '2021-04-15 19:22:20');
INSERT INTO `albums` (`id`, `artist_id`, `name`, `cover_id`, `created_at`, `updated_at`) VALUES ('38', '38', 'earum', '38', '1982-04-05 16:26:14', '2021-04-15 19:22:20');
INSERT INTO `albums` (`id`, `artist_id`, `name`, `cover_id`, `created_at`, `updated_at`) VALUES ('39', '39', 'minus', '39', '2002-05-16 20:36:53', '2021-04-15 19:22:20');
INSERT INTO `albums` (`id`, `artist_id`, `name`, `cover_id`, `created_at`, `updated_at`) VALUES ('40', '40', 'aliquid', '40', '1992-12-19 21:08:06', '2021-04-15 19:22:20');
INSERT INTO `albums` (`id`, `artist_id`, `name`, `cover_id`, `created_at`, `updated_at`) VALUES ('41', '41', 'libero', '41', '2014-05-24 20:55:29', '2021-04-15 19:22:20');
INSERT INTO `albums` (`id`, `artist_id`, `name`, `cover_id`, `created_at`, `updated_at`) VALUES ('42', '42', 'saepe', '42', '1973-12-22 23:01:41', '2021-04-15 19:22:20');
INSERT INTO `albums` (`id`, `artist_id`, `name`, `cover_id`, `created_at`, `updated_at`) VALUES ('43', '43', 'dolorum', '43', '1990-08-18 07:59:34', '2021-04-15 19:22:20');
INSERT INTO `albums` (`id`, `artist_id`, `name`, `cover_id`, `created_at`, `updated_at`) VALUES ('44', '44', 'voluptatem', '44', '2017-05-19 18:15:49', '2021-04-15 19:22:20');
INSERT INTO `albums` (`id`, `artist_id`, `name`, `cover_id`, `created_at`, `updated_at`) VALUES ('45', '45', 'consectetur', '45', '2002-12-14 15:07:58', '2021-04-15 19:22:20');
INSERT INTO `albums` (`id`, `artist_id`, `name`, `cover_id`, `created_at`, `updated_at`) VALUES ('46', '46', 'aliquam', '46', '2013-04-28 07:27:41', '2021-04-15 19:22:20');
INSERT INTO `albums` (`id`, `artist_id`, `name`, `cover_id`, `created_at`, `updated_at`) VALUES ('47', '47', 'suscipit', '47', '1971-05-12 07:43:21', '2021-04-15 19:22:20');
INSERT INTO `albums` (`id`, `artist_id`, `name`, `cover_id`, `created_at`, `updated_at`) VALUES ('48', '48', 'dolorem', '48', '1984-03-28 12:38:39', '2021-04-15 19:22:20');
INSERT INTO `albums` (`id`, `artist_id`, `name`, `cover_id`, `created_at`, `updated_at`) VALUES ('49', '49', 'delectus', '49', '1982-02-14 05:44:53', '2021-04-15 19:22:20');
INSERT INTO `albums` (`id`, `artist_id`, `name`, `cover_id`, `created_at`, `updated_at`) VALUES ('50', '50', 'enim', '50', '1976-09-08 18:20:17', '2021-04-15 19:22:20');

INSERT INTO `playlists` (`id`, `user_id`, `name`, `created_at`, `updated_at`) VALUES ('1', '1', 'architecto', '2007-01-24 09:59:30', '2021-04-15 19:21:32');
INSERT INTO `playlists` (`id`, `user_id`, `name`, `created_at`, `updated_at`) VALUES ('2', '2', 'explicabo', '2010-03-23 10:30:01', '2021-04-15 19:21:32');
INSERT INTO `playlists` (`id`, `user_id`, `name`, `created_at`, `updated_at`) VALUES ('3', '3', 'aut', '2019-03-10 03:45:27', '2021-04-15 19:21:32');
INSERT INTO `playlists` (`id`, `user_id`, `name`, `created_at`, `updated_at`) VALUES ('4', '4', 'recusandae', '2009-10-15 06:09:48', '2021-04-15 19:21:32');
INSERT INTO `playlists` (`id`, `user_id`, `name`, `created_at`, `updated_at`) VALUES ('5', '5', 'est', '1990-10-06 04:30:16', '2021-04-15 19:21:32');
INSERT INTO `playlists` (`id`, `user_id`, `name`, `created_at`, `updated_at`) VALUES ('6', '6', 'id', '1988-07-25 07:59:57', '2021-04-15 19:21:32');
INSERT INTO `playlists` (`id`, `user_id`, `name`, `created_at`, `updated_at`) VALUES ('7', '7', 'magnam', '1984-03-21 17:34:58', '2021-04-15 19:21:32');
INSERT INTO `playlists` (`id`, `user_id`, `name`, `created_at`, `updated_at`) VALUES ('8', '8', 'est', '1971-10-10 06:32:10', '2021-04-15 19:21:32');
INSERT INTO `playlists` (`id`, `user_id`, `name`, `created_at`, `updated_at`) VALUES ('9', '9', 'corporis', '2008-07-03 18:18:20', '2021-04-15 19:21:32');
INSERT INTO `playlists` (`id`, `user_id`, `name`, `created_at`, `updated_at`) VALUES ('10', '10', 'atque', '2007-01-12 08:19:38', '2021-04-15 19:21:32');
INSERT INTO `playlists` (`id`, `user_id`, `name`, `created_at`, `updated_at`) VALUES ('11', '11', 'voluptas', '2007-02-16 05:53:25', '2021-04-15 19:21:32');
INSERT INTO `playlists` (`id`, `user_id`, `name`, `created_at`, `updated_at`) VALUES ('12', '12', 'distinctio', '2003-08-27 10:41:50', '2021-04-15 19:21:32');
INSERT INTO `playlists` (`id`, `user_id`, `name`, `created_at`, `updated_at`) VALUES ('13', '13', 'quia', '2003-04-14 19:40:40', '2021-04-15 19:21:32');
INSERT INTO `playlists` (`id`, `user_id`, `name`, `created_at`, `updated_at`) VALUES ('14', '14', 'fugit', '2009-08-30 22:45:02', '2021-04-15 19:21:32');
INSERT INTO `playlists` (`id`, `user_id`, `name`, `created_at`, `updated_at`) VALUES ('15', '15', 'harum', '1989-07-14 20:19:42', '2021-04-15 19:21:32');
INSERT INTO `playlists` (`id`, `user_id`, `name`, `created_at`, `updated_at`) VALUES ('16', '16', 'in', '2001-04-12 20:53:43', '2021-04-15 19:21:32');
INSERT INTO `playlists` (`id`, `user_id`, `name`, `created_at`, `updated_at`) VALUES ('17', '17', 'dolorum', '1978-01-24 12:06:18', '2021-04-15 19:21:32');
INSERT INTO `playlists` (`id`, `user_id`, `name`, `created_at`, `updated_at`) VALUES ('18', '18', 'labore', '1977-05-07 20:30:08', '2021-04-15 19:21:32');
INSERT INTO `playlists` (`id`, `user_id`, `name`, `created_at`, `updated_at`) VALUES ('19', '19', 'cum', '1974-05-01 11:30:22', '2021-04-15 19:21:32');
INSERT INTO `playlists` (`id`, `user_id`, `name`, `created_at`, `updated_at`) VALUES ('20', '20', 'enim', '2015-11-16 08:08:55', '2021-04-15 19:21:32');
INSERT INTO `playlists` (`id`, `user_id`, `name`, `created_at`, `updated_at`) VALUES ('21', '21', 'nihil', '1978-07-19 12:16:30', '2021-04-15 19:21:32');
INSERT INTO `playlists` (`id`, `user_id`, `name`, `created_at`, `updated_at`) VALUES ('22', '22', 'eum', '1983-03-16 09:20:57', '2021-04-15 19:21:32');
INSERT INTO `playlists` (`id`, `user_id`, `name`, `created_at`, `updated_at`) VALUES ('23', '23', 'qui', '1993-06-04 01:59:37', '2021-04-15 19:21:32');
INSERT INTO `playlists` (`id`, `user_id`, `name`, `created_at`, `updated_at`) VALUES ('24', '24', 'aut', '1996-05-28 04:37:57', '2021-04-15 19:21:32');
INSERT INTO `playlists` (`id`, `user_id`, `name`, `created_at`, `updated_at`) VALUES ('25', '25', 'hic', '2002-01-02 21:29:23', '2021-04-15 19:21:32');
INSERT INTO `playlists` (`id`, `user_id`, `name`, `created_at`, `updated_at`) VALUES ('26', '26', 'et', '1970-02-26 07:14:05', '2021-04-15 19:21:32');
INSERT INTO `playlists` (`id`, `user_id`, `name`, `created_at`, `updated_at`) VALUES ('27', '27', 'et', '1983-12-28 12:01:02', '2021-04-15 19:21:32');
INSERT INTO `playlists` (`id`, `user_id`, `name`, `created_at`, `updated_at`) VALUES ('28', '28', 'eligendi', '1996-01-25 21:25:46', '2021-04-15 19:21:32');
INSERT INTO `playlists` (`id`, `user_id`, `name`, `created_at`, `updated_at`) VALUES ('29', '29', 'esse', '1994-04-22 09:19:14', '2021-04-15 19:21:32');
INSERT INTO `playlists` (`id`, `user_id`, `name`, `created_at`, `updated_at`) VALUES ('30', '30', 'earum', '1998-04-28 13:55:07', '2021-04-15 19:21:32');
INSERT INTO `playlists` (`id`, `user_id`, `name`, `created_at`, `updated_at`) VALUES ('31', '31', 'veniam', '1992-12-11 01:16:43', '2021-04-15 19:21:32');
INSERT INTO `playlists` (`id`, `user_id`, `name`, `created_at`, `updated_at`) VALUES ('32', '32', 'eos', '1979-06-22 02:42:00', '2021-04-15 19:21:32');
INSERT INTO `playlists` (`id`, `user_id`, `name`, `created_at`, `updated_at`) VALUES ('33', '33', 'incidunt', '2009-04-24 02:06:18', '2021-04-15 19:21:32');
INSERT INTO `playlists` (`id`, `user_id`, `name`, `created_at`, `updated_at`) VALUES ('34', '34', 'voluptas', '1982-08-13 18:03:16', '2021-04-15 19:21:32');
INSERT INTO `playlists` (`id`, `user_id`, `name`, `created_at`, `updated_at`) VALUES ('35', '35', 'quos', '1997-09-25 08:24:02', '2021-04-15 19:21:32');
INSERT INTO `playlists` (`id`, `user_id`, `name`, `created_at`, `updated_at`) VALUES ('36', '36', 'omnis', '2015-11-23 06:31:51', '2021-04-15 19:21:32');
INSERT INTO `playlists` (`id`, `user_id`, `name`, `created_at`, `updated_at`) VALUES ('37', '37', 'accusamus', '1999-06-24 19:03:53', '2021-04-15 19:21:32');
INSERT INTO `playlists` (`id`, `user_id`, `name`, `created_at`, `updated_at`) VALUES ('38', '38', 'dolor', '1999-01-26 09:53:58', '2021-04-15 19:21:32');
INSERT INTO `playlists` (`id`, `user_id`, `name`, `created_at`, `updated_at`) VALUES ('39', '39', 'unde', '1995-07-05 22:42:37', '2021-04-15 19:21:32');
INSERT INTO `playlists` (`id`, `user_id`, `name`, `created_at`, `updated_at`) VALUES ('40', '40', 'et', '2019-09-25 15:58:30', '2021-04-15 19:21:32');
INSERT INTO `playlists` (`id`, `user_id`, `name`, `created_at`, `updated_at`) VALUES ('41', '41', 'dolore', '2018-09-30 17:37:11', '2021-04-15 19:21:32');
INSERT INTO `playlists` (`id`, `user_id`, `name`, `created_at`, `updated_at`) VALUES ('42', '42', 'itaque', '1985-05-28 20:24:56', '2021-04-15 19:21:32');
INSERT INTO `playlists` (`id`, `user_id`, `name`, `created_at`, `updated_at`) VALUES ('43', '43', 'itaque', '2011-05-02 23:57:44', '2021-04-15 19:21:32');
INSERT INTO `playlists` (`id`, `user_id`, `name`, `created_at`, `updated_at`) VALUES ('44', '44', 'in', '1974-01-11 09:15:33', '2021-04-15 19:21:32');
INSERT INTO `playlists` (`id`, `user_id`, `name`, `created_at`, `updated_at`) VALUES ('45', '45', 'incidunt', '1986-11-24 19:21:05', '2021-04-15 19:21:32');
INSERT INTO `playlists` (`id`, `user_id`, `name`, `created_at`, `updated_at`) VALUES ('46', '46', 'praesentium', '2013-03-09 01:30:18', '2021-04-15 19:21:32');
INSERT INTO `playlists` (`id`, `user_id`, `name`, `created_at`, `updated_at`) VALUES ('47', '47', 'nisi', '1998-08-09 01:10:51', '2021-04-15 19:21:32');
INSERT INTO `playlists` (`id`, `user_id`, `name`, `created_at`, `updated_at`) VALUES ('48', '48', 'inventore', '2014-08-06 12:31:27', '2021-04-15 19:21:32');
INSERT INTO `playlists` (`id`, `user_id`, `name`, `created_at`, `updated_at`) VALUES ('49', '49', 'ut', '1970-10-03 22:41:58', '2021-04-15 19:21:32');
INSERT INTO `playlists` (`id`, `user_id`, `name`, `created_at`, `updated_at`) VALUES ('50', '50', 'est', '1982-04-08 22:03:07', '2021-04-15 19:21:32');

INSERT INTO `songs` (`id`, `album_id`, `artist_id`, `name`, `file_url`, `length`, `description`, `cover_id`, `created_at`, `updated_at`) VALUES ('1', '1', '1', 'minima', 'http://www.wyman.com/', '63', 'Dicta facere aut omnis eius. Ipsa autem atque praesentium praesentium voluptas nihil ea illo. Odit consequuntur nemo et quis sit. Expedita hic nulla deleniti et.', '1', '1987-11-02 03:49:39', '2021-04-15 19:23:24');
INSERT INTO `songs` (`id`, `album_id`, `artist_id`, `name`, `file_url`, `length`, `description`, `cover_id`, `created_at`, `updated_at`) VALUES ('2', '2', '2', 'maxime', 'http://sporerkeeling.net/', '2966', 'Modi impedit aut vel veritatis et dolorem quos. Vitae similique possimus distinctio et impedit dicta repellat deserunt. Repudiandae fuga autem earum praesentium. Est sunt dignissimos consequatur aspernatur tempora.', '2', '2019-01-13 08:48:07', '2021-04-15 19:23:24');
INSERT INTO `songs` (`id`, `album_id`, `artist_id`, `name`, `file_url`, `length`, `description`, `cover_id`, `created_at`, `updated_at`) VALUES ('3', '3', '3', 'nihil', 'http://prosaccohermiston.info/', '2093', 'Dolorem maiores sit quaerat nisi sint omnis. Perferendis molestias doloribus ipsa quia quia explicabo quisquam. Maxime in quidem aut. Quidem dolores culpa eum illum animi aut qui rerum. Enim labore harum corrupti qui.', '3', '1982-07-12 09:52:51', '2021-04-15 19:23:24');
INSERT INTO `songs` (`id`, `album_id`, `artist_id`, `name`, `file_url`, `length`, `description`, `cover_id`, `created_at`, `updated_at`) VALUES ('4', '4', '4', 'id', 'http://www.gusikowskibaumbach.com/', '2502', 'Consequatur voluptas qui ipsum culpa perferendis. Molestiae eveniet eum adipisci labore minus consectetur et. Omnis velit unde modi consectetur tenetur et nihil deleniti.', '4', '2011-09-16 14:23:32', '2021-04-15 19:23:24');
INSERT INTO `songs` (`id`, `album_id`, `artist_id`, `name`, `file_url`, `length`, `description`, `cover_id`, `created_at`, `updated_at`) VALUES ('5', '5', '5', 'quo', 'http://schulist.com/', '2836', 'Et ipsa qui ea iure. Aliquid et et veniam quidem eveniet dicta quis non. Nesciunt ab perferendis occaecati consequatur repellendus. Similique cupiditate commodi aut sint fuga temporibus.', '5', '1977-07-08 12:24:48', '2021-04-15 19:23:24');
INSERT INTO `songs` (`id`, `album_id`, `artist_id`, `name`, `file_url`, `length`, `description`, `cover_id`, `created_at`, `updated_at`) VALUES ('6', '6', '6', 'qui', 'http://www.thompsonoconner.com/', '1572', 'Beatae sit atque adipisci quaerat cupiditate eveniet. Amet rem quae maxime molestias et. Quia est sint et voluptatum rem tenetur quia.', '6', '2011-11-30 09:45:59', '2021-04-15 19:23:24');
INSERT INTO `songs` (`id`, `album_id`, `artist_id`, `name`, `file_url`, `length`, `description`, `cover_id`, `created_at`, `updated_at`) VALUES ('7', '7', '7', 'minima', 'http://www.white.com/', '191', 'Sed quaerat ducimus rem et aliquid. Debitis sunt voluptatem modi hic earum illum cum eveniet. Suscipit qui voluptate voluptatem soluta consequatur temporibus neque.', '7', '2003-10-04 08:46:31', '2021-04-15 19:23:24');
INSERT INTO `songs` (`id`, `album_id`, `artist_id`, `name`, `file_url`, `length`, `description`, `cover_id`, `created_at`, `updated_at`) VALUES ('8', '8', '8', 'rerum', 'http://darecassin.com/', '532', 'Placeat deleniti enim quasi et. Et commodi consequatur molestiae vel placeat aut et. Assumenda neque vitae cupiditate ab animi.', '8', '2021-02-28 01:19:17', '2021-04-15 19:23:24');
INSERT INTO `songs` (`id`, `album_id`, `artist_id`, `name`, `file_url`, `length`, `description`, `cover_id`, `created_at`, `updated_at`) VALUES ('9', '9', '9', 'beatae', 'http://www.mertzquigley.com/', '3589', 'Laudantium provident illum dignissimos eius aut magnam. Eaque ut reprehenderit consequatur fuga hic magnam. Fuga qui quod est enim laborum nam.', '9', '2007-02-16 13:32:39', '2021-04-15 19:23:24');
INSERT INTO `songs` (`id`, `album_id`, `artist_id`, `name`, `file_url`, `length`, `description`, `cover_id`, `created_at`, `updated_at`) VALUES ('10', '10', '10', 'et', 'http://www.greenfelder.biz/', '2149', 'Est voluptas et itaque optio. Occaecati a temporibus nam ab.', '10', '2003-05-28 19:36:25', '2021-04-15 19:23:24');
INSERT INTO `songs` (`id`, `album_id`, `artist_id`, `name`, `file_url`, `length`, `description`, `cover_id`, `created_at`, `updated_at`) VALUES ('11', '11', '11', 'adipisci', 'http://www.raynor.com/', '683', 'Quia esse ex aut adipisci. Quidem mollitia aliquam nihil eligendi accusamus. Earum mollitia error occaecati consequatur velit suscipit temporibus aliquam. Quidem perspiciatis neque et minima ut sint ex. Ut est quasi voluptatum sunt.', '11', '1970-04-05 17:57:48', '2021-04-15 19:23:24');
INSERT INTO `songs` (`id`, `album_id`, `artist_id`, `name`, `file_url`, `length`, `description`, `cover_id`, `created_at`, `updated_at`) VALUES ('12', '12', '12', 'dolorem', 'http://littel.info/', '3492', 'Sint neque porro iusto accusamus omnis excepturi. Similique sed autem totam repellendus vel. Suscipit excepturi qui et natus temporibus eos aspernatur. Fugiat laudantium nesciunt est fugiat quia.', '12', '1995-06-26 16:48:24', '2021-04-15 19:23:24');
INSERT INTO `songs` (`id`, `album_id`, `artist_id`, `name`, `file_url`, `length`, `description`, `cover_id`, `created_at`, `updated_at`) VALUES ('13', '13', '13', 'placeat', 'http://www.kreiger.biz/', '2874', 'Eveniet rerum enim totam quia et blanditiis accusamus. Et quas et nihil voluptatem.', '13', '1977-02-04 21:09:18', '2021-04-15 19:23:24');
INSERT INTO `songs` (`id`, `album_id`, `artist_id`, `name`, `file_url`, `length`, `description`, `cover_id`, `created_at`, `updated_at`) VALUES ('14', '14', '14', 'facilis', 'http://www.corwinhahn.org/', '306', 'Voluptas veniam et ducimus deserunt labore. Qui voluptatem enim amet impedit voluptas et. Incidunt molestias ut maiores quod. Cum qui veritatis pariatur necessitatibus modi repudiandae et quo.', '14', '2006-02-23 05:50:05', '2021-04-15 19:23:24');
INSERT INTO `songs` (`id`, `album_id`, `artist_id`, `name`, `file_url`, `length`, `description`, `cover_id`, `created_at`, `updated_at`) VALUES ('15', '15', '15', 'doloremque', 'http://www.robel.biz/', '2766', 'Sed doloribus laborum aspernatur vero esse nobis. Voluptas doloribus non sint ea. Ducimus vel rerum ut est. Quis inventore sint animi placeat accusamus similique quisquam.', '15', '2020-02-04 18:07:47', '2021-04-15 19:23:24');
INSERT INTO `songs` (`id`, `album_id`, `artist_id`, `name`, `file_url`, `length`, `description`, `cover_id`, `created_at`, `updated_at`) VALUES ('16', '16', '16', 'labore', 'http://www.howe.info/', '2383', 'Ut facere adipisci vel iste saepe. Quia velit quas natus sunt. Quia quaerat fugit aliquam pariatur impedit est. Cupiditate voluptatibus sunt voluptatum illum. Enim id deserunt atque aut animi iusto.', '16', '2019-01-18 15:00:21', '2021-04-15 19:23:24');
INSERT INTO `songs` (`id`, `album_id`, `artist_id`, `name`, `file_url`, `length`, `description`, `cover_id`, `created_at`, `updated_at`) VALUES ('17', '17', '17', 'sit', 'http://www.predovic.com/', '1503', 'Ducimus ex unde modi atque et. Voluptates neque esse praesentium et veniam. Officia consequatur laboriosam in sed porro aliquam. Inventore architecto sed quod. Saepe facere sint quis nulla sit sequi.', '17', '1995-12-17 17:12:27', '2021-04-15 19:23:24');
INSERT INTO `songs` (`id`, `album_id`, `artist_id`, `name`, `file_url`, `length`, `description`, `cover_id`, `created_at`, `updated_at`) VALUES ('18', '18', '18', 'hic', 'http://www.sporer.com/', '632', 'Tenetur aut sunt maiores possimus ut ut sed. Rerum ab eum aperiam voluptatibus. Accusamus iure atque dolor occaecati nobis. Atque omnis nihil sunt minus impedit neque.', '18', '1974-02-02 13:51:50', '2021-04-15 19:23:24');
INSERT INTO `songs` (`id`, `album_id`, `artist_id`, `name`, `file_url`, `length`, `description`, `cover_id`, `created_at`, `updated_at`) VALUES ('19', '19', '19', 'earum', 'http://powlowskistamm.info/', '421', 'Omnis facere eaque sed in nulla tempora inventore. Eum repudiandae voluptatem aut. Cupiditate officia placeat repellendus unde ut hic nam.', '19', '2013-07-04 14:19:53', '2021-04-15 19:23:24');
INSERT INTO `songs` (`id`, `album_id`, `artist_id`, `name`, `file_url`, `length`, `description`, `cover_id`, `created_at`, `updated_at`) VALUES ('20', '20', '20', 'tempora', 'http://carterhilll.com/', '1335', 'Harum rerum amet et explicabo. Suscipit quis consequatur ut iste deserunt sit explicabo. Consequatur praesentium ut velit ut facere iusto.', '20', '2021-03-02 11:54:23', '2021-04-15 19:23:24');
INSERT INTO `songs` (`id`, `album_id`, `artist_id`, `name`, `file_url`, `length`, `description`, `cover_id`, `created_at`, `updated_at`) VALUES ('21', '21', '21', 'quibusdam', 'http://schneider.biz/', '2549', 'Ad et maxime ullam cupiditate. Ea omnis vel saepe quo minus. Omnis voluptatem nesciunt esse necessitatibus. Nihil iure dolorum nostrum magni dolorem nulla.', '21', '1994-04-12 03:05:20', '2021-04-15 19:23:24');
INSERT INTO `songs` (`id`, `album_id`, `artist_id`, `name`, `file_url`, `length`, `description`, `cover_id`, `created_at`, `updated_at`) VALUES ('22', '22', '22', 'porro', 'http://schamberger.com/', '3232', 'Omnis quam esse est repellendus ut cupiditate sint. Quia itaque harum repellendus ex expedita illo. Aut dolor esse deserunt cumque aut.', '22', '2013-04-21 00:17:06', '2021-04-15 19:23:24');
INSERT INTO `songs` (`id`, `album_id`, `artist_id`, `name`, `file_url`, `length`, `description`, `cover_id`, `created_at`, `updated_at`) VALUES ('23', '23', '23', 'at', 'http://gorczanyreinger.com/', '1579', 'Eius odio sint necessitatibus sunt. Odit aut qui ullam in blanditiis eum nesciunt non. Quae atque aut adipisci eveniet rerum laboriosam vero voluptatem. Consectetur pariatur velit voluptatem non.', '23', '1993-05-06 01:23:51', '2021-04-15 19:23:24');
INSERT INTO `songs` (`id`, `album_id`, `artist_id`, `name`, `file_url`, `length`, `description`, `cover_id`, `created_at`, `updated_at`) VALUES ('24', '24', '24', 'qui', 'http://www.rodriguezkris.biz/', '2639', 'Consequatur ab dolorum ut cum. Vitae assumenda at architecto dolore distinctio iure. Porro omnis aut tenetur.', '24', '2003-12-15 23:14:51', '2021-04-15 19:23:24');
INSERT INTO `songs` (`id`, `album_id`, `artist_id`, `name`, `file_url`, `length`, `description`, `cover_id`, `created_at`, `updated_at`) VALUES ('25', '25', '25', 'officia', 'http://www.mcclure.com/', '1061', 'Ex ut molestiae nihil. Veritatis rerum deserunt voluptatibus dolor reiciendis debitis. Blanditiis facilis ratione quidem.', '25', '2014-03-31 03:59:55', '2021-04-15 19:23:24');
INSERT INTO `songs` (`id`, `album_id`, `artist_id`, `name`, `file_url`, `length`, `description`, `cover_id`, `created_at`, `updated_at`) VALUES ('26', '26', '26', 'et', 'http://franecki.com/', '2660', 'Et praesentium et aut adipisci. Ea voluptate eligendi porro necessitatibus veniam libero blanditiis sed. Dolore quos harum ut eius. Beatae ut quia soluta non. Vel laboriosam aut cumque eveniet.', '26', '1987-11-21 05:39:53', '2021-04-15 19:23:24');
INSERT INTO `songs` (`id`, `album_id`, `artist_id`, `name`, `file_url`, `length`, `description`, `cover_id`, `created_at`, `updated_at`) VALUES ('27', '27', '27', 'non', 'http://www.breitenbergmueller.com/', '3456', 'Vel est ut adipisci odio laboriosam quia fugiat quidem. Dolore quam similique qui aliquid aperiam quisquam impedit. Reprehenderit ut nesciunt et quia porro laboriosam quisquam.', '27', '2012-05-09 01:35:44', '2021-04-15 19:23:24');
INSERT INTO `songs` (`id`, `album_id`, `artist_id`, `name`, `file_url`, `length`, `description`, `cover_id`, `created_at`, `updated_at`) VALUES ('28', '28', '28', 'fuga', 'http://spinka.biz/', '444', 'Est impedit et in suscipit eveniet dicta mollitia dolores. Et omnis dolores nobis quis tempore consequatur et. Tenetur praesentium facilis omnis aperiam. Esse eum qui perspiciatis vel est.', '28', '1970-07-22 15:00:51', '2021-04-15 19:23:24');
INSERT INTO `songs` (`id`, `album_id`, `artist_id`, `name`, `file_url`, `length`, `description`, `cover_id`, `created_at`, `updated_at`) VALUES ('29', '29', '29', 'veniam', 'http://swifthoeger.com/', '3175', 'Rerum officia molestiae sint est laborum culpa asperiores animi. Et vero consequuntur quaerat quaerat aliquid sint sit. Ab eligendi vero laudantium ut facilis saepe. Et ut consequatur nisi optio. Ut repudiandae perferendis ea commodi.', '29', '1984-07-08 06:10:26', '2021-04-15 19:23:24');
INSERT INTO `songs` (`id`, `album_id`, `artist_id`, `name`, `file_url`, `length`, `description`, `cover_id`, `created_at`, `updated_at`) VALUES ('30', '30', '30', 'ratione', 'http://mayertkuhic.com/', '2872', 'Aut quo veritatis nemo qui voluptatem nam voluptatem. Sapiente excepturi earum ut illo. Consequuntur sint natus exercitationem porro inventore itaque. Sunt quasi dolores quo distinctio sit.', '30', '1992-11-02 04:50:05', '2021-04-15 19:23:24');
INSERT INTO `songs` (`id`, `album_id`, `artist_id`, `name`, `file_url`, `length`, `description`, `cover_id`, `created_at`, `updated_at`) VALUES ('31', '31', '31', 'et', 'http://www.quigley.biz/', '1809', 'Voluptatem voluptas sapiente tenetur aut non error inventore. Quidem eum voluptatem voluptas officia. Cum dolorem omnis saepe sed.', '31', '2009-03-09 11:40:47', '2021-04-15 19:23:24');
INSERT INTO `songs` (`id`, `album_id`, `artist_id`, `name`, `file_url`, `length`, `description`, `cover_id`, `created_at`, `updated_at`) VALUES ('32', '32', '32', 'veniam', 'http://www.oreillyking.com/', '2515', 'Aut quia fuga hic nobis et sunt. Et unde delectus possimus ut delectus eum.', '32', '1997-06-16 16:24:21', '2021-04-15 19:23:24');
INSERT INTO `songs` (`id`, `album_id`, `artist_id`, `name`, `file_url`, `length`, `description`, `cover_id`, `created_at`, `updated_at`) VALUES ('33', '33', '33', 'quisquam', 'http://kessler.net/', '534', 'Culpa molestiae natus et exercitationem eum aut a. Aut distinctio vel eaque est. Pariatur voluptatum repudiandae placeat.', '33', '1992-09-29 21:53:00', '2021-04-15 19:23:24');
INSERT INTO `songs` (`id`, `album_id`, `artist_id`, `name`, `file_url`, `length`, `description`, `cover_id`, `created_at`, `updated_at`) VALUES ('34', '34', '34', 'est', 'http://www.funk.net/', '546', 'Veritatis culpa amet enim ipsa. Aut aut vel quo blanditiis. Sed quidem eius repellendus vero id ex.', '34', '1971-03-24 07:09:25', '2021-04-15 19:23:24');
INSERT INTO `songs` (`id`, `album_id`, `artist_id`, `name`, `file_url`, `length`, `description`, `cover_id`, `created_at`, `updated_at`) VALUES ('35', '35', '35', 'quod', 'http://www.mayert.biz/', '968', 'Dicta accusantium itaque aut pariatur consequatur. Iure eius quaerat et amet tempora. Quia at exercitationem modi exercitationem harum ratione et esse. Aperiam eius minima inventore beatae possimus aut nihil dicta.', '35', '1997-12-09 22:50:50', '2021-04-15 19:23:24');
INSERT INTO `songs` (`id`, `album_id`, `artist_id`, `name`, `file_url`, `length`, `description`, `cover_id`, `created_at`, `updated_at`) VALUES ('36', '36', '36', 'minus', 'http://www.carterkiehn.info/', '1360', 'Harum repellendus quae minus ut accusantium sed. Et nihil ab ipsam similique quis. Voluptates excepturi sequi odit ea aspernatur aut. Sit repudiandae recusandae facilis qui excepturi numquam earum.', '36', '1976-02-02 08:35:34', '2021-04-15 19:23:24');
INSERT INTO `songs` (`id`, `album_id`, `artist_id`, `name`, `file_url`, `length`, `description`, `cover_id`, `created_at`, `updated_at`) VALUES ('37', '37', '37', 'quae', 'http://www.kuvalisjones.info/', '2362', 'Dolorem reprehenderit qui eum atque omnis nesciunt quae. Quae eum iusto in. Quod eum sint dolore dignissimos sit dolorum dicta quis. Enim dolor iusto quo non ut aut debitis. Non a est hic unde voluptatem in ipsum.', '37', '2004-09-05 07:45:59', '2021-04-15 19:23:24');
INSERT INTO `songs` (`id`, `album_id`, `artist_id`, `name`, `file_url`, `length`, `description`, `cover_id`, `created_at`, `updated_at`) VALUES ('38', '38', '38', 'fugit', 'http://www.ratke.com/', '1804', 'Rerum sit qui sint dolore dolores ad. Expedita et est doloremque. Qui voluptas sed earum eligendi ducimus molestiae ex.', '38', '1980-01-04 02:57:26', '2021-04-15 19:23:24');
INSERT INTO `songs` (`id`, `album_id`, `artist_id`, `name`, `file_url`, `length`, `description`, `cover_id`, `created_at`, `updated_at`) VALUES ('39', '39', '39', 'sunt', 'http://bechtelar.com/', '1416', 'Eligendi nostrum voluptates reiciendis molestias omnis et. Sequi dolores quisquam eos quaerat autem ullam praesentium. Similique consequatur ab omnis incidunt voluptas aut. Qui veritatis voluptates nihil sint similique rerum ut doloremque.', '39', '1998-05-15 10:15:58', '2021-04-15 19:23:24');
INSERT INTO `songs` (`id`, `album_id`, `artist_id`, `name`, `file_url`, `length`, `description`, `cover_id`, `created_at`, `updated_at`) VALUES ('40', '40', '40', 'saepe', 'http://daniel.com/', '1378', 'Ea sapiente dolor aliquam aut perferendis. Repellat optio corrupti qui reiciendis qui dolor. Corporis tempora suscipit necessitatibus dolores omnis consequatur. Ullam tenetur tempora quo quis et commodi dolorem. Quos molestiae omnis sint eum recusandae autem et.', '40', '2012-05-23 06:22:57', '2021-04-15 19:23:24');
INSERT INTO `songs` (`id`, `album_id`, `artist_id`, `name`, `file_url`, `length`, `description`, `cover_id`, `created_at`, `updated_at`) VALUES ('41', '41', '41', 'expedita', 'http://oreilly.com/', '882', 'Sint in architecto saepe repellat. Nihil rerum qui modi quisquam dolores et. Provident quia aut saepe soluta praesentium reiciendis ex ducimus. Ea debitis veniam at eum est.', '41', '2019-09-01 02:35:46', '2021-04-15 19:23:24');
INSERT INTO `songs` (`id`, `album_id`, `artist_id`, `name`, `file_url`, `length`, `description`, `cover_id`, `created_at`, `updated_at`) VALUES ('42', '42', '42', 'dolores', 'http://shanahan.com/', '3061', 'Consequuntur vitae corporis corporis perferendis est ea ut. Corrupti reprehenderit corporis ratione suscipit. Et vero autem magnam hic. Blanditiis deserunt magni voluptatem dolorem in.', '42', '2001-04-20 15:19:31', '2021-04-15 19:23:24');
INSERT INTO `songs` (`id`, `album_id`, `artist_id`, `name`, `file_url`, `length`, `description`, `cover_id`, `created_at`, `updated_at`) VALUES ('43', '43', '43', 'ad', 'http://www.prosacco.com/', '2657', 'Sed a dolorum rem expedita omnis. In commodi officia libero nesciunt. Et et aut iusto illum molestiae.', '43', '1973-12-07 03:10:44', '2021-04-15 19:23:24');
INSERT INTO `songs` (`id`, `album_id`, `artist_id`, `name`, `file_url`, `length`, `description`, `cover_id`, `created_at`, `updated_at`) VALUES ('44', '44', '44', 'aliquid', 'http://wolfbeatty.com/', '400', 'Numquam quia pariatur illo excepturi aliquid expedita qui. Numquam et iusto aliquam accusamus magni praesentium. Amet labore quam velit magnam in pariatur et. Quaerat veniam quisquam repellat quos quia nesciunt ut ea.', '44', '2002-12-05 21:09:52', '2021-04-15 19:23:24');
INSERT INTO `songs` (`id`, `album_id`, `artist_id`, `name`, `file_url`, `length`, `description`, `cover_id`, `created_at`, `updated_at`) VALUES ('45', '45', '45', 'eum', 'http://www.cole.com/', '240', 'Qui error voluptate officia sit et quaerat aut aspernatur. Perferendis aut distinctio dolor magni. Consequatur ad corrupti nesciunt voluptatem est.', '45', '1972-08-21 12:44:27', '2021-04-15 19:23:24');
INSERT INTO `songs` (`id`, `album_id`, `artist_id`, `name`, `file_url`, `length`, `description`, `cover_id`, `created_at`, `updated_at`) VALUES ('46', '46', '46', 'in', 'http://www.lowe.com/', '2730', 'Officiis rerum ut numquam sapiente itaque nobis excepturi minima. Ut omnis consequuntur modi ad quasi perferendis aut. Et omnis qui sit distinctio at consequatur. Autem minima distinctio modi asperiores.', '46', '1993-12-04 09:07:58', '2021-04-15 19:23:24');
INSERT INTO `songs` (`id`, `album_id`, `artist_id`, `name`, `file_url`, `length`, `description`, `cover_id`, `created_at`, `updated_at`) VALUES ('47', '47', '47', 'nihil', 'http://okeefe.com/', '1800', 'Sunt repellat ipsum fugiat nobis officia. Voluptas quam ut quas eos. Qui soluta tenetur eos pariatur voluptatum. Accusamus dolore expedita non odio.', '47', '1997-11-18 05:21:34', '2021-04-15 19:23:24');
INSERT INTO `songs` (`id`, `album_id`, `artist_id`, `name`, `file_url`, `length`, `description`, `cover_id`, `created_at`, `updated_at`) VALUES ('48', '48', '48', 'et', 'http://dachhowell.com/', '589', 'Et modi modi nesciunt explicabo debitis et. Non non accusamus hic ut. At quis repellat neque distinctio. Hic nisi ipsum natus vero rerum.', '48', '1991-01-09 15:58:55', '2021-04-15 19:23:24');
INSERT INTO `songs` (`id`, `album_id`, `artist_id`, `name`, `file_url`, `length`, `description`, `cover_id`, `created_at`, `updated_at`) VALUES ('49', '49', '49', 'error', 'http://schmittschuppe.com/', '789', 'Dolor eveniet impedit nisi qui placeat asperiores fugit. Vel aliquam dolorem sed a cupiditate. Debitis sunt mollitia quia quia fuga voluptatem.', '49', '1973-11-28 11:11:03', '2021-04-15 19:23:24');
INSERT INTO `songs` (`id`, `album_id`, `artist_id`, `name`, `file_url`, `length`, `description`, `cover_id`, `created_at`, `updated_at`) VALUES ('50', '50', '50', 'sit', 'http://www.grimes.net/', '205', 'Corporis est inventore sit et officia. Et minima maxime laborum voluptas quae laboriosam. Nesciunt illum tempore rerum maxime vel.', '50', '1985-11-05 18:30:00', '2021-04-15 19:23:24');
INSERT INTO `songs` (`id`, `album_id`, `artist_id`, `name`, `file_url`, `length`, `description`, `cover_id`, `created_at`, `updated_at`) VALUES ('51', '1', '51', 'minus', 'http://hirtheframi.com/', '1001', 'Est facilis et officiis placeat ut. Asperiores unde architecto delectus recusandae. Molestiae voluptate delectus suscipit aut quibusdam.', '51', '2001-06-27 11:08:25', '2021-04-15 19:23:24');
INSERT INTO `songs` (`id`, `album_id`, `artist_id`, `name`, `file_url`, `length`, `description`, `cover_id`, `created_at`, `updated_at`) VALUES ('52', '2', '52', 'sit', 'http://www.purdy.org/', '3259', 'Laudantium vel non velit repudiandae. Magni explicabo ut voluptas nulla. Eius asperiores perspiciatis ut suscipit. At laborum aut vero est quas animi eius.', '52', '2007-03-06 13:07:47', '2021-04-15 19:23:24');
INSERT INTO `songs` (`id`, `album_id`, `artist_id`, `name`, `file_url`, `length`, `description`, `cover_id`, `created_at`, `updated_at`) VALUES ('53', '3', '53', 'totam', 'http://www.monahan.org/', '3521', 'Exercitationem est est qui nostrum quas et. Dolor excepturi voluptatem recusandae rem expedita. Ut quos rerum cum fugit neque rerum. Laboriosam aut fugit dolores facilis quam blanditiis.', '53', '1976-08-19 00:02:56', '2021-04-15 19:23:24');
INSERT INTO `songs` (`id`, `album_id`, `artist_id`, `name`, `file_url`, `length`, `description`, `cover_id`, `created_at`, `updated_at`) VALUES ('54', '4', '54', 'sunt', 'http://rath.com/', '2606', 'Natus commodi est nulla amet ducimus consectetur doloremque. Nihil cumque ipsum impedit tempora. Eos iure ut consequatur ut quidem quis aut.', '54', '1979-02-13 04:09:32', '2021-04-15 19:23:24');
INSERT INTO `songs` (`id`, `album_id`, `artist_id`, `name`, `file_url`, `length`, `description`, `cover_id`, `created_at`, `updated_at`) VALUES ('55', '5', '55', 'occaecati', 'http://www.nikolauskohler.info/', '1423', 'Quia molestiae vitae aut quos. Sit consequatur provident similique et molestiae quo delectus.', '55', '1989-06-07 07:03:31', '2021-04-15 19:23:24');
INSERT INTO `songs` (`id`, `album_id`, `artist_id`, `name`, `file_url`, `length`, `description`, `cover_id`, `created_at`, `updated_at`) VALUES ('56', '6', '56', 'maiores', 'http://goodwin.com/', '2110', 'Recusandae corporis quis aut dolores expedita ab illo et. At modi et maxime repellendus saepe ipsam aut corrupti. Voluptatem aliquam placeat sed fugiat sequi. Ex est omnis magni aperiam.', '56', '1977-04-05 10:15:01', '2021-04-15 19:23:24');
INSERT INTO `songs` (`id`, `album_id`, `artist_id`, `name`, `file_url`, `length`, `description`, `cover_id`, `created_at`, `updated_at`) VALUES ('57', '7', '57', 'distinctio', 'http://johnstonkulas.info/', '1317', 'Temporibus impedit in quibusdam nulla nostrum nihil et ipsum. Ipsum perferendis sit animi omnis corrupti quis tempore esse.', '57', '1994-09-09 14:38:23', '2021-04-15 19:23:24');
INSERT INTO `songs` (`id`, `album_id`, `artist_id`, `name`, `file_url`, `length`, `description`, `cover_id`, `created_at`, `updated_at`) VALUES ('58', '8', '58', 'aliquam', 'http://www.beer.biz/', '246', 'Dolorum optio reiciendis vitae repellat est iure. Non eligendi ab sequi pariatur exercitationem recusandae totam. Est sed quia vero. Veritatis velit tenetur consequatur.', '58', '1986-10-12 05:02:10', '2021-04-15 19:23:24');
INSERT INTO `songs` (`id`, `album_id`, `artist_id`, `name`, `file_url`, `length`, `description`, `cover_id`, `created_at`, `updated_at`) VALUES ('59', '9', '59', 'placeat', 'http://www.ortiz.net/', '2117', 'Molestias vitae et aut ea incidunt. Suscipit suscipit tempore voluptatem deleniti. Officia alias similique ut quod nam. Et quae neque et qui nesciunt.', '59', '1970-11-21 03:28:07', '2021-04-15 19:23:24');
INSERT INTO `songs` (`id`, `album_id`, `artist_id`, `name`, `file_url`, `length`, `description`, `cover_id`, `created_at`, `updated_at`) VALUES ('60', '10', '60', 'est', 'http://oconner.com/', '2238', 'Consectetur nesciunt iusto tenetur placeat aut praesentium qui et. Soluta facilis rerum qui architecto nihil. Eveniet sed tenetur omnis dolor dolorem odio quisquam est. Molestiae officiis nemo ipsum cumque ipsum incidunt ab fugit.', '60', '1998-03-15 16:17:03', '2021-04-15 19:23:24');
INSERT INTO `songs` (`id`, `album_id`, `artist_id`, `name`, `file_url`, `length`, `description`, `cover_id`, `created_at`, `updated_at`) VALUES ('61', '11', '61', 'itaque', 'http://www.schuppe.biz/', '1842', 'Porro cumque ut voluptatem et tempora. Repellendus omnis harum voluptatem quo repudiandae. Accusantium qui error quisquam officiis. Necessitatibus qui soluta eveniet et libero omnis.', '61', '1998-12-16 07:02:43', '2021-04-15 19:23:24');
INSERT INTO `songs` (`id`, `album_id`, `artist_id`, `name`, `file_url`, `length`, `description`, `cover_id`, `created_at`, `updated_at`) VALUES ('62', '12', '62', 'aut', 'http://renner.com/', '3145', 'Quasi culpa dolorum voluptatem et. Ex officiis cum ut porro error sapiente. Natus voluptatibus sint corporis autem aperiam dolor. Ipsam quo eum quo officiis.', '62', '2001-05-25 04:51:11', '2021-04-15 19:23:24');
INSERT INTO `songs` (`id`, `album_id`, `artist_id`, `name`, `file_url`, `length`, `description`, `cover_id`, `created_at`, `updated_at`) VALUES ('63', '13', '63', 'ducimus', 'http://www.pollich.com/', '1709', 'Et eos qui amet expedita perspiciatis incidunt iusto. Omnis et reprehenderit officia aut. Ea facilis doloribus et.', '63', '2001-04-19 23:26:16', '2021-04-15 19:23:24');
INSERT INTO `songs` (`id`, `album_id`, `artist_id`, `name`, `file_url`, `length`, `description`, `cover_id`, `created_at`, `updated_at`) VALUES ('64', '14', '64', 'aut', 'http://www.pagac.info/', '543', 'Accusamus corporis dolores dolorum ea numquam et. Necessitatibus recusandae nihil atque ut sed error explicabo. Repudiandae quibusdam aut autem inventore ipsum sit. Eos non maiores maiores consequatur consequuntur nostrum. Ad et et ut laborum velit dolores et.', '64', '1974-10-27 08:31:01', '2021-04-15 19:23:24');
INSERT INTO `songs` (`id`, `album_id`, `artist_id`, `name`, `file_url`, `length`, `description`, `cover_id`, `created_at`, `updated_at`) VALUES ('65', '15', '65', 'rerum', 'http://bernhard.com/', '1916', 'Quis sint et et ad voluptatibus aliquid. Aut qui accusamus dolor non aspernatur a suscipit. Qui accusamus rerum autem ea voluptates molestias consequuntur. Dolore qui sapiente adipisci soluta.', '65', '1992-04-27 09:56:29', '2021-04-15 19:23:24');
INSERT INTO `songs` (`id`, `album_id`, `artist_id`, `name`, `file_url`, `length`, `description`, `cover_id`, `created_at`, `updated_at`) VALUES ('66', '16', '66', 'mollitia', 'http://barton.com/', '2707', 'Amet ea unde dolorem repellat nobis consequatur ullam. Est natus qui quia et illo incidunt aut. Rem et et et quia quas.', '66', '1994-04-26 03:57:25', '2021-04-15 19:23:24');
INSERT INTO `songs` (`id`, `album_id`, `artist_id`, `name`, `file_url`, `length`, `description`, `cover_id`, `created_at`, `updated_at`) VALUES ('67', '17', '67', 'saepe', 'http://www.raynorhaag.com/', '3207', 'Dicta non perspiciatis et distinctio. Culpa et recusandae itaque vel nesciunt beatae nostrum. Unde velit maxime modi ut pariatur excepturi pariatur.', '67', '1979-12-27 23:13:05', '2021-04-15 19:23:24');
INSERT INTO `songs` (`id`, `album_id`, `artist_id`, `name`, `file_url`, `length`, `description`, `cover_id`, `created_at`, `updated_at`) VALUES ('68', '18', '68', 'vel', 'http://www.kris.net/', '341', 'Tenetur distinctio illum consectetur quod maxime sapiente et. Quis vel eius ut voluptatem. Dolore molestias alias veritatis optio. Voluptates qui repudiandae totam commodi voluptatibus ea. Quaerat architecto aut doloremque similique.', '68', '2004-03-10 04:54:30', '2021-04-15 19:23:24');
INSERT INTO `songs` (`id`, `album_id`, `artist_id`, `name`, `file_url`, `length`, `description`, `cover_id`, `created_at`, `updated_at`) VALUES ('69', '19', '69', 'quod', 'http://www.wildermanquitzon.com/', '1414', 'Laboriosam quo nostrum aut est et est. Velit omnis enim alias. Expedita et debitis laboriosam error ab. Perspiciatis dolor nisi magni a ut inventore.', '69', '1971-02-24 09:31:34', '2021-04-15 19:23:24');
INSERT INTO `songs` (`id`, `album_id`, `artist_id`, `name`, `file_url`, `length`, `description`, `cover_id`, `created_at`, `updated_at`) VALUES ('70', '20', '70', 'voluptatem', 'http://www.simonis.com/', '1424', 'Dolorem id facere incidunt. Beatae laborum odit inventore dolores et quam. Dolorem reprehenderit alias voluptatem recusandae est quis sunt quod.', '70', '1977-04-21 00:52:50', '2021-04-15 19:23:24');
INSERT INTO `songs` (`id`, `album_id`, `artist_id`, `name`, `file_url`, `length`, `description`, `cover_id`, `created_at`, `updated_at`) VALUES ('71', '21', '71', 'corrupti', 'http://ondricka.com/', '3260', 'Iure autem delectus expedita earum eaque et illum. Et non est quia aliquid qui et. Est esse iusto provident sunt alias voluptatem reprehenderit.', '71', '2008-12-30 01:39:27', '2021-04-15 19:23:24');
INSERT INTO `songs` (`id`, `album_id`, `artist_id`, `name`, `file_url`, `length`, `description`, `cover_id`, `created_at`, `updated_at`) VALUES ('72', '22', '72', 'animi', 'http://muellerrobel.info/', '532', 'Quod fugiat repellendus enim. Quas quisquam assumenda ea et sit voluptate. Sit est omnis molestiae non accusamus.', '72', '2008-12-19 23:15:35', '2021-04-15 19:23:24');
INSERT INTO `songs` (`id`, `album_id`, `artist_id`, `name`, `file_url`, `length`, `description`, `cover_id`, `created_at`, `updated_at`) VALUES ('73', '23', '73', 'totam', 'http://www.wunsch.com/', '2636', 'Magni esse repudiandae impedit molestias. Assumenda recusandae dolorem officia sit quam. Repellat assumenda in vitae ipsa eos.', '73', '1983-02-22 13:25:40', '2021-04-15 19:23:24');
INSERT INTO `songs` (`id`, `album_id`, `artist_id`, `name`, `file_url`, `length`, `description`, `cover_id`, `created_at`, `updated_at`) VALUES ('74', '24', '74', 'qui', 'http://feeney.com/', '669', 'Perspiciatis sed quis velit consectetur dolores ipsam velit iusto. Qui placeat qui ipsam tempora. Impedit voluptas aut reprehenderit voluptatem.', '74', '2016-10-11 13:16:14', '2021-04-15 19:23:24');
INSERT INTO `songs` (`id`, `album_id`, `artist_id`, `name`, `file_url`, `length`, `description`, `cover_id`, `created_at`, `updated_at`) VALUES ('75', '25', '75', 'qui', 'http://hansen.net/', '986', 'Consequatur veritatis in aut reprehenderit excepturi rem corrupti. Recusandae possimus commodi rerum magni error. Error qui adipisci eius. Voluptatem est quis nostrum reiciendis aut.', '75', '1973-06-26 08:02:32', '2021-04-15 19:23:24');
INSERT INTO `songs` (`id`, `album_id`, `artist_id`, `name`, `file_url`, `length`, `description`, `cover_id`, `created_at`, `updated_at`) VALUES ('76', '26', '76', 'placeat', 'http://mohr.com/', '1785', 'Vero alias sint quis ut expedita consequatur ipsum architecto. Tenetur ea asperiores fugiat et. Non eligendi repellendus enim laborum accusantium qui provident sequi.', '76', '1976-08-24 13:34:27', '2021-04-15 19:23:24');
INSERT INTO `songs` (`id`, `album_id`, `artist_id`, `name`, `file_url`, `length`, `description`, `cover_id`, `created_at`, `updated_at`) VALUES ('77', '27', '77', 'perferendis', 'http://www.ebert.biz/', '3310', 'Labore aut blanditiis molestiae et dolores temporibus. Quo cum quisquam vero sint illum voluptate sit. Iste necessitatibus temporibus maiores ad. Harum nobis et dicta necessitatibus provident molestias fugit.', '77', '1976-08-31 12:35:57', '2021-04-15 19:23:24');
INSERT INTO `songs` (`id`, `album_id`, `artist_id`, `name`, `file_url`, `length`, `description`, `cover_id`, `created_at`, `updated_at`) VALUES ('78', '28', '78', 'quis', 'http://schultzlueilwitz.com/', '1845', 'Excepturi quos quaerat explicabo qui quisquam nostrum et. A excepturi ducimus a earum veniam at. Laborum aspernatur nobis quidem deleniti. Sequi aut velit est voluptatibus et at accusamus.', '78', '1985-12-15 00:18:04', '2021-04-15 19:23:24');
INSERT INTO `songs` (`id`, `album_id`, `artist_id`, `name`, `file_url`, `length`, `description`, `cover_id`, `created_at`, `updated_at`) VALUES ('79', '29', '79', 'sed', 'http://www.stehr.com/', '74', 'Ab minus cupiditate aut repudiandae non maiores. Molestiae asperiores eum perferendis. Quis eveniet et harum aut eius. Exercitationem dolorem consequatur neque est qui eum.', '79', '2018-11-25 23:07:37', '2021-04-15 19:23:24');
INSERT INTO `songs` (`id`, `album_id`, `artist_id`, `name`, `file_url`, `length`, `description`, `cover_id`, `created_at`, `updated_at`) VALUES ('80', '30', '80', 'quia', 'http://schiller.com/', '1040', 'Enim inventore eaque sint. Quia ullam aut reprehenderit ipsum sapiente.', '80', '1980-12-09 10:42:27', '2021-04-15 19:23:24');
INSERT INTO `songs` (`id`, `album_id`, `artist_id`, `name`, `file_url`, `length`, `description`, `cover_id`, `created_at`, `updated_at`) VALUES ('81', '31', '81', 'sit', 'http://www.runolfsdottir.biz/', '1382', 'Esse cum corrupti cum in voluptatum aspernatur. Ea culpa voluptatem quia asperiores accusantium est. Dolor at maiores id molestiae. Magni odit est eum saepe.', '81', '1973-01-11 00:52:25', '2021-04-15 19:23:24');
INSERT INTO `songs` (`id`, `album_id`, `artist_id`, `name`, `file_url`, `length`, `description`, `cover_id`, `created_at`, `updated_at`) VALUES ('82', '32', '82', 'labore', 'http://www.mante.com/', '529', 'Qui quam consequatur cum quia perferendis. Provident rem suscipit eius veritatis ipsam occaecati enim eos. Aut aperiam sequi ipsa est. Fuga quidem voluptas veniam nobis sed corrupti.', '82', '2010-09-29 23:54:45', '2021-04-15 19:23:24');
INSERT INTO `songs` (`id`, `album_id`, `artist_id`, `name`, `file_url`, `length`, `description`, `cover_id`, `created_at`, `updated_at`) VALUES ('83', '33', '83', 'omnis', 'http://cartwright.biz/', '2448', 'Numquam laborum labore est in. Voluptatem iste voluptate doloribus quis et enim sequi. Molestiae consequuntur voluptatum modi eius suscipit aut perferendis.', '83', '2001-02-25 03:19:06', '2021-04-15 19:23:24');
INSERT INTO `songs` (`id`, `album_id`, `artist_id`, `name`, `file_url`, `length`, `description`, `cover_id`, `created_at`, `updated_at`) VALUES ('84', '34', '84', 'doloremque', 'http://dibbertcartwright.net/', '2223', 'Soluta minima est facere ea repudiandae tenetur. Perspiciatis dolor recusandae repellat. Minima dolores eligendi qui praesentium ad. Dolores sunt ab unde ut. Quam eligendi suscipit corrupti aliquam iste hic.', '84', '2006-08-12 10:28:56', '2021-04-15 19:23:24');
INSERT INTO `songs` (`id`, `album_id`, `artist_id`, `name`, `file_url`, `length`, `description`, `cover_id`, `created_at`, `updated_at`) VALUES ('85', '35', '85', 'nostrum', 'http://www.pouros.org/', '702', 'Ut labore id et molestiae eveniet. Tempore labore voluptatem rerum numquam. Quis sequi sed excepturi repudiandae qui temporibus ducimus est. Eum cum iste aut.', '85', '1977-12-08 23:53:04', '2021-04-15 19:23:24');
INSERT INTO `songs` (`id`, `album_id`, `artist_id`, `name`, `file_url`, `length`, `description`, `cover_id`, `created_at`, `updated_at`) VALUES ('86', '36', '86', 'quia', 'http://wolff.info/', '1268', 'Sit deserunt est molestiae sed aut quia. Quos esse vel consequatur debitis qui dolor cupiditate. Possimus quibusdam enim assumenda est tenetur iusto autem pariatur. Sunt quasi praesentium repudiandae explicabo.', '86', '2019-10-21 16:20:26', '2021-04-15 19:23:24');
INSERT INTO `songs` (`id`, `album_id`, `artist_id`, `name`, `file_url`, `length`, `description`, `cover_id`, `created_at`, `updated_at`) VALUES ('87', '37', '87', 'et', 'http://www.haley.org/', '1071', 'Et ad laudantium sit temporibus qui nesciunt quam et. Aut ipsa cupiditate perspiciatis tenetur provident sit est. Illo ut odio nam est sit recusandae commodi ut.', '87', '1976-03-15 11:04:26', '2021-04-15 19:23:24');
INSERT INTO `songs` (`id`, `album_id`, `artist_id`, `name`, `file_url`, `length`, `description`, `cover_id`, `created_at`, `updated_at`) VALUES ('88', '38', '88', 'sunt', 'http://hermanlabadie.com/', '2541', 'Excepturi harum doloremque est voluptatibus et repellat veritatis. Sint consequuntur incidunt similique ratione recusandae rerum. Aliquid nobis esse quae consequuntur consectetur ut ut neque. Maiores qui magnam provident at provident.', '88', '1989-03-31 02:18:27', '2021-04-15 19:23:24');
INSERT INTO `songs` (`id`, `album_id`, `artist_id`, `name`, `file_url`, `length`, `description`, `cover_id`, `created_at`, `updated_at`) VALUES ('89', '39', '89', 'magnam', 'http://www.wizamarquardt.com/', '2073', 'Rerum dolor tenetur vel nobis occaecati saepe. Quis nostrum porro est omnis. Fugit nihil nesciunt ut rerum sequi ut tenetur. Laborum autem rerum ea expedita ipsa.', '89', '1999-01-12 20:04:18', '2021-04-15 19:23:24');
INSERT INTO `songs` (`id`, `album_id`, `artist_id`, `name`, `file_url`, `length`, `description`, `cover_id`, `created_at`, `updated_at`) VALUES ('90', '40', '90', 'dolores', 'http://www.beahan.com/', '1030', 'Doloribus debitis saepe ea et at. Quia tempore voluptas libero deleniti.', '90', '1999-07-09 19:27:37', '2021-04-15 19:23:24');
INSERT INTO `songs` (`id`, `album_id`, `artist_id`, `name`, `file_url`, `length`, `description`, `cover_id`, `created_at`, `updated_at`) VALUES ('91', '41', '91', 'omnis', 'http://buckridgeprohaska.com/', '520', 'Quia eligendi corrupti corrupti voluptas. Aliquid dolor ipsam molestiae. Sit est vitae officiis ea exercitationem aut quos sed. Fuga et quaerat facere nemo temporibus.', '91', '1997-01-11 03:16:05', '2021-04-15 19:23:24');
INSERT INTO `songs` (`id`, `album_id`, `artist_id`, `name`, `file_url`, `length`, `description`, `cover_id`, `created_at`, `updated_at`) VALUES ('92', '42', '92', 'error', 'http://www.hauckfisher.org/', '2058', 'Architecto aliquam voluptate sed et mollitia sed sit. Quia harum facere at consequatur et ut eos. Accusantium atque laborum aperiam minus occaecati eius eveniet.', '92', '1983-05-11 11:07:22', '2021-04-15 19:23:24');
INSERT INTO `songs` (`id`, `album_id`, `artist_id`, `name`, `file_url`, `length`, `description`, `cover_id`, `created_at`, `updated_at`) VALUES ('93', '43', '93', 'occaecati', 'http://www.rath.biz/', '3321', 'Veritatis exercitationem aliquid minus ex. Aut ipsum autem eligendi id dolorum. Voluptatem enim voluptas sunt cum. Iure minus atque perspiciatis. Exercitationem molestiae perferendis voluptatem ex.', '93', '2020-02-26 20:33:35', '2021-04-15 19:23:24');
INSERT INTO `songs` (`id`, `album_id`, `artist_id`, `name`, `file_url`, `length`, `description`, `cover_id`, `created_at`, `updated_at`) VALUES ('94', '44', '94', 'et', 'http://www.mills.com/', '2466', 'Consequatur molestiae corrupti placeat debitis. Velit debitis nostrum cum nihil a nihil quasi. Porro iste et quibusdam consequatur possimus et quibusdam. Occaecati inventore ad velit ut explicabo excepturi omnis. Odio perspiciatis rerum iste illo magnam aut consequatur.', '94', '1996-08-30 14:37:43', '2021-04-15 19:23:24');
INSERT INTO `songs` (`id`, `album_id`, `artist_id`, `name`, `file_url`, `length`, `description`, `cover_id`, `created_at`, `updated_at`) VALUES ('95', '45', '95', 'cumque', 'http://kuhlman.net/', '2787', 'Cupiditate nesciunt rem ad eaque. Debitis dolores numquam nihil molestiae. Sit non a eos quis et dolorum repudiandae.', '95', '2010-10-18 08:50:03', '2021-04-15 19:23:24');
INSERT INTO `songs` (`id`, `album_id`, `artist_id`, `name`, `file_url`, `length`, `description`, `cover_id`, `created_at`, `updated_at`) VALUES ('96', '46', '96', 'cupiditate', 'http://www.predovic.net/', '3465', 'Molestiae eius saepe hic sit aspernatur quis rerum natus. Quasi at qui non voluptas est et voluptate. Voluptas aut unde ut praesentium et error animi. Cumque sunt harum labore autem et rerum ipsum.', '96', '1979-04-23 01:01:34', '2021-04-15 19:23:24');
INSERT INTO `songs` (`id`, `album_id`, `artist_id`, `name`, `file_url`, `length`, `description`, `cover_id`, `created_at`, `updated_at`) VALUES ('97', '47', '97', 'voluptas', 'http://www.armstrong.com/', '2693', 'Nobis consequatur molestias amet provident molestiae nam velit. Provident sunt id ea. Est veritatis cum vel in. Quasi dolores rem harum est soluta.', '97', '1973-08-16 11:31:28', '2021-04-15 19:23:24');
INSERT INTO `songs` (`id`, `album_id`, `artist_id`, `name`, `file_url`, `length`, `description`, `cover_id`, `created_at`, `updated_at`) VALUES ('98', '48', '98', 'nihil', 'http://bins.com/', '229', 'Aut aspernatur similique omnis et praesentium. Consequuntur nesciunt aut voluptatem. Ut non hic enim ut.', '98', '2008-09-03 04:20:14', '2021-04-15 19:23:24');
INSERT INTO `songs` (`id`, `album_id`, `artist_id`, `name`, `file_url`, `length`, `description`, `cover_id`, `created_at`, `updated_at`) VALUES ('99', '49', '99', 'dolor', 'http://bradtke.com/', '1759', 'Est deleniti vel earum voluptatibus quis et neque. Vero in vel ut aut blanditiis molestiae. Ut quia ut commodi id officiis.', '99', '1989-06-01 02:33:03', '2021-04-15 19:23:24');
INSERT INTO `songs` (`id`, `album_id`, `artist_id`, `name`, `file_url`, `length`, `description`, `cover_id`, `created_at`, `updated_at`) VALUES ('100', '50', '100', 'voluptatem', 'http://www.schuppe.com/', '215', 'Dolorem reiciendis tenetur sunt ipsum illum impedit est perspiciatis. Dolor ut harum voluptatibus. Dolor dignissimos aut veniam amet et suscipit. Officia praesentium est quia aliquam et est quo deleniti. Asperiores voluptates neque quis sint aspernatur eum.', '100', '2006-01-24 15:09:37', '2021-04-15 19:23:24');
INSERT INTO `songs` (`id`, `album_id`, `artist_id`, `name`, `file_url`, `length`, `description`, `cover_id`, `created_at`, `updated_at`) VALUES ('101', '1', '1', 'nemo', 'http://www.frami.com/', '2688', 'Voluptatem pariatur tempora dolor omnis non nesciunt. Quis fuga voluptatum pariatur velit sapiente amet rerum fugit. Consequatur nisi dolor a sapiente nam adipisci dolore.', '1', '2014-03-24 04:19:13', '2021-04-15 19:23:24');
INSERT INTO `songs` (`id`, `album_id`, `artist_id`, `name`, `file_url`, `length`, `description`, `cover_id`, `created_at`, `updated_at`) VALUES ('102', '2', '2', 'eveniet', 'http://www.coleschneider.org/', '818', 'Amet non atque et iste sit. Sint animi consequatur aut tenetur ad error. Consequatur at in vel sed nobis aspernatur in porro.', '2', '2019-07-25 16:05:50', '2021-04-15 19:23:24');
INSERT INTO `songs` (`id`, `album_id`, `artist_id`, `name`, `file_url`, `length`, `description`, `cover_id`, `created_at`, `updated_at`) VALUES ('103', '3', '3', 'aspernatur', 'http://www.schowalter.com/', '1084', 'Occaecati odio rerum quod reiciendis sed voluptatem temporibus. Odit ut fuga veniam adipisci. Ullam tempore blanditiis quos reiciendis tempora assumenda.', '3', '1974-12-23 11:32:43', '2021-04-15 19:23:24');
INSERT INTO `songs` (`id`, `album_id`, `artist_id`, `name`, `file_url`, `length`, `description`, `cover_id`, `created_at`, `updated_at`) VALUES ('104', '4', '4', 'iure', 'http://www.mayer.com/', '560', 'Sit voluptatem nihil odit autem. Neque harum quam expedita non. Eius necessitatibus vero doloremque nesciunt.', '4', '2016-03-03 16:11:58', '2021-04-15 19:23:24');
INSERT INTO `songs` (`id`, `album_id`, `artist_id`, `name`, `file_url`, `length`, `description`, `cover_id`, `created_at`, `updated_at`) VALUES ('105', '5', '5', 'cupiditate', 'http://www.kilback.info/', '3330', 'Voluptatum et quo voluptatibus quos aut quo. Amet dolor consequuntur sunt ipsam aut. Totam enim aut inventore atque ipsa animi. Iusto tenetur et beatae in officiis facilis.', '5', '1993-04-23 23:19:43', '2021-04-15 19:23:24');
INSERT INTO `songs` (`id`, `album_id`, `artist_id`, `name`, `file_url`, `length`, `description`, `cover_id`, `created_at`, `updated_at`) VALUES ('106', '6', '6', 'ullam', 'http://www.schmidt.org/', '1011', 'Possimus tempore accusamus veniam reiciendis sapiente ullam eos. Tempora quia recusandae ipsam quasi id accusamus. Totam doloremque at et et a magni est. Quis velit sed ut officia recusandae est. Veritatis nam laudantium et facere.', '6', '1998-09-07 21:54:07', '2021-04-15 19:23:24');
INSERT INTO `songs` (`id`, `album_id`, `artist_id`, `name`, `file_url`, `length`, `description`, `cover_id`, `created_at`, `updated_at`) VALUES ('107', '7', '7', 'dicta', 'http://www.vonrueden.com/', '2994', 'Numquam assumenda officia nihil. Dolor minus fugit ut necessitatibus. Voluptatem modi dolorem consectetur impedit eos consectetur qui.', '7', '1981-08-27 12:13:14', '2021-04-15 19:23:24');
INSERT INTO `songs` (`id`, `album_id`, `artist_id`, `name`, `file_url`, `length`, `description`, `cover_id`, `created_at`, `updated_at`) VALUES ('108', '8', '8', 'natus', 'http://www.hodkiewiczschiller.com/', '1046', 'Illum optio itaque pariatur dolorum odio odit. Fuga recusandae enim consectetur modi blanditiis velit unde.', '8', '2019-03-11 20:56:26', '2021-04-15 19:23:24');
INSERT INTO `songs` (`id`, `album_id`, `artist_id`, `name`, `file_url`, `length`, `description`, `cover_id`, `created_at`, `updated_at`) VALUES ('109', '9', '9', 'veniam', 'http://www.okeefe.info/', '1310', 'Esse repellat ut iure aut recusandae. Doloribus sint repellendus rerum velit cupiditate modi voluptatem rerum.', '9', '1977-06-17 20:21:24', '2021-04-15 19:23:24');
INSERT INTO `songs` (`id`, `album_id`, `artist_id`, `name`, `file_url`, `length`, `description`, `cover_id`, `created_at`, `updated_at`) VALUES ('110', '10', '10', 'hic', 'http://hirthe.biz/', '1917', 'Voluptatem minus maiores unde blanditiis quia fugiat quia vero. Illo quibusdam quis voluptas aliquid quos quibusdam. Eius eveniet ipsam quis nemo quis. Reprehenderit assumenda asperiores cumque. Id animi aliquam est qui enim sequi.', '10', '2013-04-11 01:16:38', '2021-04-15 19:23:24');
INSERT INTO `songs` (`id`, `album_id`, `artist_id`, `name`, `file_url`, `length`, `description`, `cover_id`, `created_at`, `updated_at`) VALUES ('111', '11', '11', 'ab', 'http://www.shanahan.com/', '1614', 'Ut qui necessitatibus corrupti iusto. Similique quis nesciunt cumque. Autem et odio sit sed sed fugiat. Quia consequatur et non.', '11', '2016-10-06 03:38:21', '2021-04-15 19:23:24');
INSERT INTO `songs` (`id`, `album_id`, `artist_id`, `name`, `file_url`, `length`, `description`, `cover_id`, `created_at`, `updated_at`) VALUES ('112', '12', '12', 'reiciendis', 'http://www.hermann.com/', '632', 'Dolorem alias sunt enim. Dolore voluptatem velit cupiditate deserunt quia cumque dignissimos voluptates. Omnis ut rerum neque quod incidunt odio. Tenetur voluptate quidem laboriosam corrupti.', '12', '1982-09-14 07:10:01', '2021-04-15 19:23:24');
INSERT INTO `songs` (`id`, `album_id`, `artist_id`, `name`, `file_url`, `length`, `description`, `cover_id`, `created_at`, `updated_at`) VALUES ('113', '13', '13', 'inventore', 'http://www.crona.com/', '1659', 'Nulla doloribus est similique nemo. Est officia omnis illum dolorem omnis. Pariatur quia vel enim non odio veritatis laudantium est. Nihil voluptatem molestias et voluptate voluptatem.', '13', '2010-12-23 14:10:31', '2021-04-15 19:23:24');
INSERT INTO `songs` (`id`, `album_id`, `artist_id`, `name`, `file_url`, `length`, `description`, `cover_id`, `created_at`, `updated_at`) VALUES ('114', '14', '14', 'assumenda', 'http://www.gottlieb.com/', '2082', 'Distinctio sint temporibus non nobis. Qui cum omnis dolor. Occaecati eligendi beatae minima.', '14', '2010-07-08 11:10:31', '2021-04-15 19:23:24');
INSERT INTO `songs` (`id`, `album_id`, `artist_id`, `name`, `file_url`, `length`, `description`, `cover_id`, `created_at`, `updated_at`) VALUES ('115', '15', '15', 'ab', 'http://mcclure.net/', '3152', 'Reiciendis adipisci nobis magnam est id. Quibusdam inventore quidem eveniet. Voluptatibus et aut esse adipisci exercitationem eaque soluta culpa. Qui minima labore et dicta sint.', '15', '2016-06-22 12:04:25', '2021-04-15 19:23:24');
INSERT INTO `songs` (`id`, `album_id`, `artist_id`, `name`, `file_url`, `length`, `description`, `cover_id`, `created_at`, `updated_at`) VALUES ('116', '16', '16', 'voluptas', 'http://www.keeblersatterfield.com/', '1489', 'Dolores ut vero quo rem consequatur non. Sit quidem similique eos ex. Qui et quo eveniet labore aut. Voluptatem ad at quia sed sunt. Non nihil eaque non voluptas est quia.', '16', '1982-01-29 17:10:15', '2021-04-15 19:23:24');
INSERT INTO `songs` (`id`, `album_id`, `artist_id`, `name`, `file_url`, `length`, `description`, `cover_id`, `created_at`, `updated_at`) VALUES ('117', '17', '17', 'ut', 'http://sanfordjacobs.biz/', '737', 'Facilis ut temporibus odit aspernatur temporibus. Quasi ducimus odit cumque eos blanditiis dolorem vero. Et id aut eligendi et. Dolore excepturi est non eligendi sed aut.', '17', '1979-05-06 23:59:02', '2021-04-15 19:23:24');
INSERT INTO `songs` (`id`, `album_id`, `artist_id`, `name`, `file_url`, `length`, `description`, `cover_id`, `created_at`, `updated_at`) VALUES ('118', '18', '18', 'deserunt', 'http://marvin.com/', '189', 'Quidem nisi et qui aut sunt rerum consequatur ipsum. Distinctio aut id consequatur doloremque aut ut. Et delectus qui dolores.', '18', '2015-12-26 08:30:31', '2021-04-15 19:23:24');
INSERT INTO `songs` (`id`, `album_id`, `artist_id`, `name`, `file_url`, `length`, `description`, `cover_id`, `created_at`, `updated_at`) VALUES ('119', '19', '19', 'atque', 'http://www.marquardt.com/', '1567', 'Illum consequatur eos praesentium et. Occaecati aut enim ut corrupti ut tempore. Aut qui qui nobis dolor sed. Est quasi soluta eaque debitis.', '19', '1990-11-20 20:36:38', '2021-04-15 19:23:24');
INSERT INTO `songs` (`id`, `album_id`, `artist_id`, `name`, `file_url`, `length`, `description`, `cover_id`, `created_at`, `updated_at`) VALUES ('120', '20', '20', 'saepe', 'http://www.jast.org/', '2556', 'Qui facilis totam qui deserunt tempora vero modi qui. Dolorem voluptate nostrum cumque nihil repellendus et nesciunt. Distinctio voluptate est sit voluptatem voluptatem cum. Ullam consequatur odio asperiores tempora et.', '20', '2002-10-12 15:11:00', '2021-04-15 19:23:24');
INSERT INTO `songs` (`id`, `album_id`, `artist_id`, `name`, `file_url`, `length`, `description`, `cover_id`, `created_at`, `updated_at`) VALUES ('121', '21', '21', 'et', 'http://bode.org/', '1891', 'Veritatis nostrum quia sint vel repudiandae eum. Reprehenderit pariatur odit magni atque earum. Vel est ut nemo et. Consequatur vel et facere.', '21', '2009-09-12 07:57:12', '2021-04-15 19:23:24');
INSERT INTO `songs` (`id`, `album_id`, `artist_id`, `name`, `file_url`, `length`, `description`, `cover_id`, `created_at`, `updated_at`) VALUES ('122', '22', '22', 'nisi', 'http://schummschinner.com/', '171', 'Neque nihil eum non non autem voluptatibus dignissimos inventore. Earum amet qui eum quia ex earum. Officiis sit quidem est dignissimos.', '22', '1987-04-23 14:46:43', '2021-04-15 19:23:24');
INSERT INTO `songs` (`id`, `album_id`, `artist_id`, `name`, `file_url`, `length`, `description`, `cover_id`, `created_at`, `updated_at`) VALUES ('123', '23', '23', 'et', 'http://damorebauch.com/', '2068', 'Ad inventore minus ab veniam minima consequatur. Occaecati facilis velit ducimus aut facilis. Officia ut eum saepe optio est.', '23', '1986-08-18 12:29:48', '2021-04-15 19:23:24');
INSERT INTO `songs` (`id`, `album_id`, `artist_id`, `name`, `file_url`, `length`, `description`, `cover_id`, `created_at`, `updated_at`) VALUES ('124', '24', '24', 'ad', 'http://www.conroy.info/', '1297', 'Quae iure voluptates voluptate. Praesentium quam exercitationem qui et ut. Corrupti aut sit minima. Tenetur non rerum repellat ad.', '24', '1980-03-21 02:36:46', '2021-04-15 19:23:24');
INSERT INTO `songs` (`id`, `album_id`, `artist_id`, `name`, `file_url`, `length`, `description`, `cover_id`, `created_at`, `updated_at`) VALUES ('125', '25', '25', 'dolor', 'http://price.com/', '1364', 'Vel nihil repudiandae amet magni amet quisquam odit. Ea aut eos ea pariatur voluptatem modi quia.', '25', '2003-02-09 08:18:25', '2021-04-15 19:23:24');
INSERT INTO `songs` (`id`, `album_id`, `artist_id`, `name`, `file_url`, `length`, `description`, `cover_id`, `created_at`, `updated_at`) VALUES ('126', '26', '26', 'nesciunt', 'http://strackerunolfsson.net/', '396', 'Similique ipsam tempora ut. Sit blanditiis perferendis distinctio recusandae nihil omnis.', '26', '1977-10-24 13:50:32', '2021-04-15 19:23:24');
INSERT INTO `songs` (`id`, `album_id`, `artist_id`, `name`, `file_url`, `length`, `description`, `cover_id`, `created_at`, `updated_at`) VALUES ('127', '27', '27', 'atque', 'http://murphy.org/', '2328', 'Enim ipsum velit culpa enim placeat deserunt. Sunt modi praesentium quam molestiae dolores molestiae qui. Sit consequatur molestiae sunt aperiam quis quae. Temporibus molestiae corrupti laudantium odio ut non.', '27', '2006-10-10 07:09:45', '2021-04-15 19:23:24');
INSERT INTO `songs` (`id`, `album_id`, `artist_id`, `name`, `file_url`, `length`, `description`, `cover_id`, `created_at`, `updated_at`) VALUES ('128', '28', '28', 'molestiae', 'http://ohara.biz/', '462', 'Voluptate quo quos et et et earum dolores necessitatibus. Possimus cumque dolorem quia asperiores. Numquam et optio id consequatur illum ex vero harum. Voluptatibus enim omnis quam deleniti aut ut hic sint. Eaque id eum ex eligendi quos voluptas est.', '28', '1985-09-26 04:39:11', '2021-04-15 19:23:24');
INSERT INTO `songs` (`id`, `album_id`, `artist_id`, `name`, `file_url`, `length`, `description`, `cover_id`, `created_at`, `updated_at`) VALUES ('129', '29', '29', 'qui', 'http://wintheiser.info/', '1481', 'Reprehenderit ut velit soluta. Quae quia aliquid quam nostrum est.', '29', '2010-10-24 21:39:55', '2021-04-15 19:23:24');
INSERT INTO `songs` (`id`, `album_id`, `artist_id`, `name`, `file_url`, `length`, `description`, `cover_id`, `created_at`, `updated_at`) VALUES ('130', '30', '30', 'et', 'http://www.veum.com/', '2186', 'Mollitia iste velit ut rerum ut et voluptatem. Numquam possimus vitae est dolor officiis natus minus et. Ipsam veritatis occaecati et officia aperiam repellendus. Quia itaque culpa veniam quam. Qui est est officia quam atque.', '30', '1975-11-08 18:37:15', '2021-04-15 19:23:24');
INSERT INTO `songs` (`id`, `album_id`, `artist_id`, `name`, `file_url`, `length`, `description`, `cover_id`, `created_at`, `updated_at`) VALUES ('131', '31', '31', 'sint', 'http://www.pollich.com/', '3144', 'Sit laudantium nesciunt quisquam reprehenderit. Possimus laborum alias assumenda consequatur architecto repudiandae ex. Laudantium voluptas sit quia saepe cupiditate. Earum ipsa delectus dolorum aspernatur et nemo.', '31', '1991-06-23 11:20:24', '2021-04-15 19:23:24');
INSERT INTO `songs` (`id`, `album_id`, `artist_id`, `name`, `file_url`, `length`, `description`, `cover_id`, `created_at`, `updated_at`) VALUES ('132', '32', '32', 'ut', 'http://www.harvey.com/', '3476', 'Quod quisquam at optio necessitatibus dignissimos cumque. Nihil ratione ut ducimus voluptates.', '32', '1990-09-19 01:43:37', '2021-04-15 19:23:24');
INSERT INTO `songs` (`id`, `album_id`, `artist_id`, `name`, `file_url`, `length`, `description`, `cover_id`, `created_at`, `updated_at`) VALUES ('133', '33', '33', 'voluptatibus', 'http://braun.info/', '3104', 'Enim inventore optio officia voluptatem eius sit. Ut recusandae ratione voluptatum amet sit beatae vero. Voluptatem quis saepe nisi nam non asperiores explicabo.', '33', '1984-10-13 18:02:13', '2021-04-15 19:23:24');
INSERT INTO `songs` (`id`, `album_id`, `artist_id`, `name`, `file_url`, `length`, `description`, `cover_id`, `created_at`, `updated_at`) VALUES ('134', '34', '34', 'architecto', 'http://www.harris.com/', '767', 'Est officia qui recusandae aut non. Corrupti voluptatem ut autem et fugiat. Quo aperiam nesciunt illo officiis. Modi iusto in explicabo cum aliquam ut.', '34', '2014-04-09 23:13:07', '2021-04-15 19:23:24');
INSERT INTO `songs` (`id`, `album_id`, `artist_id`, `name`, `file_url`, `length`, `description`, `cover_id`, `created_at`, `updated_at`) VALUES ('135', '35', '35', 'voluptate', 'http://streich.info/', '1777', 'Quas asperiores assumenda aliquid porro consectetur autem facere aspernatur. Soluta dolorum aspernatur iusto recusandae eius et quod dolores. Iste velit esse quis qui dolor quis.', '35', '2010-03-20 08:03:48', '2021-04-15 19:23:24');
INSERT INTO `songs` (`id`, `album_id`, `artist_id`, `name`, `file_url`, `length`, `description`, `cover_id`, `created_at`, `updated_at`) VALUES ('136', '36', '36', 'rerum', 'http://oberbrunner.com/', '3584', 'Perspiciatis aut sed maiores repudiandae aut sunt cumque. Eveniet asperiores sunt provident perspiciatis dolores. Voluptatum necessitatibus labore est et nostrum et cum inventore. Qui odio consequatur laudantium et consequatur.', '36', '2002-05-04 05:34:53', '2021-04-15 19:23:24');
INSERT INTO `songs` (`id`, `album_id`, `artist_id`, `name`, `file_url`, `length`, `description`, `cover_id`, `created_at`, `updated_at`) VALUES ('137', '37', '37', 'deserunt', 'http://www.hodkiewicz.com/', '798', 'Omnis asperiores harum qui animi. Et fugiat maiores vel a animi unde.', '37', '1997-06-12 11:13:33', '2021-04-15 19:23:24');
INSERT INTO `songs` (`id`, `album_id`, `artist_id`, `name`, `file_url`, `length`, `description`, `cover_id`, `created_at`, `updated_at`) VALUES ('138', '38', '38', 'alias', 'http://www.rowewalter.com/', '1989', 'Sapiente voluptate voluptatem iure accusantium. Est et voluptatem officia sed omnis. Deserunt dolores est eum odio.', '38', '1979-09-16 22:02:11', '2021-04-15 19:23:24');
INSERT INTO `songs` (`id`, `album_id`, `artist_id`, `name`, `file_url`, `length`, `description`, `cover_id`, `created_at`, `updated_at`) VALUES ('139', '39', '39', 'rerum', 'http://jaskolski.org/', '2778', 'Eos ullam ea voluptas nemo doloribus magnam. Sint ut numquam fugiat est enim adipisci. Et sunt rem expedita rerum. Ut veritatis aut doloribus sed tenetur eligendi repellat amet.', '39', '1988-03-28 06:05:53', '2021-04-15 19:23:24');
INSERT INTO `songs` (`id`, `album_id`, `artist_id`, `name`, `file_url`, `length`, `description`, `cover_id`, `created_at`, `updated_at`) VALUES ('140', '40', '40', 'recusandae', 'http://www.torp.com/', '1860', 'Aut illum eum autem voluptatem nemo veritatis. Perspiciatis ut tempore est. Quaerat pariatur voluptas repudiandae harum enim eos numquam eos. Vero dolores odit aspernatur nisi eos harum commodi. Explicabo error voluptatem impedit omnis.', '40', '1996-02-03 01:45:46', '2021-04-15 19:23:24');
INSERT INTO `songs` (`id`, `album_id`, `artist_id`, `name`, `file_url`, `length`, `description`, `cover_id`, `created_at`, `updated_at`) VALUES ('141', '41', '41', 'neque', 'http://www.stiedemann.com/', '2595', 'Natus natus libero quibusdam ex aut voluptas. Odit sint iusto sit aut atque ex itaque soluta. Architecto nobis necessitatibus similique tempore quas voluptate neque. Cumque repudiandae assumenda ea.', '41', '2015-05-02 03:30:12', '2021-04-15 19:23:24');
INSERT INTO `songs` (`id`, `album_id`, `artist_id`, `name`, `file_url`, `length`, `description`, `cover_id`, `created_at`, `updated_at`) VALUES ('142', '42', '42', 'numquam', 'http://kirlin.net/', '1994', 'Omnis quas eaque delectus totam. Unde neque saepe tenetur quae. Quo vero corporis autem consequatur ut doloremque. Cumque non corporis fuga qui et.', '42', '1973-08-27 18:41:17', '2021-04-15 19:23:24');
INSERT INTO `songs` (`id`, `album_id`, `artist_id`, `name`, `file_url`, `length`, `description`, `cover_id`, `created_at`, `updated_at`) VALUES ('143', '43', '43', 'voluptatem', 'http://www.zulauflittle.com/', '3143', 'Molestias eos sunt distinctio omnis deleniti. Repellat perspiciatis voluptatem et et aut. Quia et perferendis porro illo laudantium sed. Alias in exercitationem est omnis similique consectetur quaerat ipsum.', '43', '2000-02-21 10:25:39', '2021-04-15 19:23:24');
INSERT INTO `songs` (`id`, `album_id`, `artist_id`, `name`, `file_url`, `length`, `description`, `cover_id`, `created_at`, `updated_at`) VALUES ('144', '44', '44', 'non', 'http://www.eichmann.org/', '2330', 'Doloribus sit eum fugit id voluptatem ut et est. Officiis et dicta facilis sed inventore blanditiis. Adipisci quo omnis saepe voluptatem. Quam doloremque vero vel non nihil totam ab.', '44', '2018-04-03 09:53:43', '2021-04-15 19:23:24');
INSERT INTO `songs` (`id`, `album_id`, `artist_id`, `name`, `file_url`, `length`, `description`, `cover_id`, `created_at`, `updated_at`) VALUES ('145', '45', '45', 'est', 'http://www.moorekreiger.com/', '2126', 'Sit aperiam ea a et et ex voluptatem. Non voluptatem tenetur omnis. Nostrum magnam doloribus molestias error est at consequuntur nihil.', '45', '1993-10-21 06:49:13', '2021-04-15 19:23:24');
INSERT INTO `songs` (`id`, `album_id`, `artist_id`, `name`, `file_url`, `length`, `description`, `cover_id`, `created_at`, `updated_at`) VALUES ('146', '46', '46', 'rerum', 'http://www.bartonwolf.org/', '1193', 'Laboriosam delectus commodi libero minima sint. Accusantium non accusamus enim laborum quibusdam occaecati. Aut nostrum quidem voluptate impedit autem veniam.', '46', '1984-06-01 23:01:27', '2021-04-15 19:23:24');
INSERT INTO `songs` (`id`, `album_id`, `artist_id`, `name`, `file_url`, `length`, `description`, `cover_id`, `created_at`, `updated_at`) VALUES ('147', '47', '47', 'sed', 'http://hamill.com/', '1706', 'Aliquid temporibus perferendis ullam molestiae. Nobis dolorum id quis totam. Voluptatem aut repellat ipsum nisi inventore. Id dolor pariatur voluptas nobis atque.', '47', '1971-11-14 02:04:14', '2021-04-15 19:23:24');
INSERT INTO `songs` (`id`, `album_id`, `artist_id`, `name`, `file_url`, `length`, `description`, `cover_id`, `created_at`, `updated_at`) VALUES ('148', '48', '48', 'non', 'http://www.schultz.com/', '394', 'Et facere enim reprehenderit commodi provident enim in. Odit et magnam aut reprehenderit porro. Velit modi libero asperiores et aliquam nihil.', '48', '1973-07-26 22:41:59', '2021-04-15 19:23:24');
INSERT INTO `songs` (`id`, `album_id`, `artist_id`, `name`, `file_url`, `length`, `description`, `cover_id`, `created_at`, `updated_at`) VALUES ('149', '49', '49', 'molestias', 'http://runolfsdottir.com/', '2133', 'In eos repellat quas voluptatem hic. Iste nam maiores doloremque minus ut in eveniet laboriosam. Et velit quia numquam cumque.', '49', '2006-01-17 18:02:43', '2021-04-15 19:23:24');
INSERT INTO `songs` (`id`, `album_id`, `artist_id`, `name`, `file_url`, `length`, `description`, `cover_id`, `created_at`, `updated_at`) VALUES ('150', '50', '50', 'quo', 'http://kuhic.net/', '2659', 'Quia quo in non ullam nobis. Ea quos et expedita omnis laborum. Distinctio eveniet ut minima ex ut.', '50', '1999-01-12 22:20:55', '2021-04-15 19:23:24');
INSERT INTO `songs` (`id`, `album_id`, `artist_id`, `name`, `file_url`, `length`, `description`, `cover_id`, `created_at`, `updated_at`) VALUES ('151', '1', '51', 'doloribus', 'http://strackeconsidine.com/', '1364', 'Dolore sequi voluptas dignissimos quia. Similique vero occaecati cumque porro incidunt repellendus. Ratione iusto ea fugiat voluptatem.', '51', '2009-06-06 06:39:54', '2021-04-15 19:23:24');
INSERT INTO `songs` (`id`, `album_id`, `artist_id`, `name`, `file_url`, `length`, `description`, `cover_id`, `created_at`, `updated_at`) VALUES ('152', '2', '52', 'praesentium', 'http://gerhold.org/', '3424', 'Dolor enim earum cumque id eligendi natus at. Quia ullam in quo assumenda quae et.', '52', '2021-01-25 12:36:32', '2021-04-15 19:23:24');
INSERT INTO `songs` (`id`, `album_id`, `artist_id`, `name`, `file_url`, `length`, `description`, `cover_id`, `created_at`, `updated_at`) VALUES ('153', '3', '53', 'voluptates', 'http://www.runolfsdottirhuel.info/', '147', 'Eum a voluptatem voluptatibus ut accusantium. Ex possimus incidunt laudantium dolores quibusdam. Ut delectus est dolor et dolor quo. Eos doloremque velit maxime. Quis nihil reiciendis error consequatur.', '53', '2002-09-14 12:10:19', '2021-04-15 19:23:24');
INSERT INTO `songs` (`id`, `album_id`, `artist_id`, `name`, `file_url`, `length`, `description`, `cover_id`, `created_at`, `updated_at`) VALUES ('154', '4', '54', 'in', 'http://www.blanda.info/', '384', 'Amet dolores aliquid eaque sed nostrum rerum. Officia laborum commodi ut eos vero ut dolores ratione. Aliquam asperiores voluptatem beatae omnis quisquam velit sed.', '54', '1970-06-22 23:34:01', '2021-04-15 19:23:24');
INSERT INTO `songs` (`id`, `album_id`, `artist_id`, `name`, `file_url`, `length`, `description`, `cover_id`, `created_at`, `updated_at`) VALUES ('155', '5', '55', 'laudantium', 'http://bednar.info/', '2293', 'Consequatur non aliquid aut excepturi velit. Libero commodi adipisci sapiente eum consectetur. Natus sit odio sunt. Quisquam porro sed culpa aut nobis dicta.', '55', '1977-11-09 23:02:53', '2021-04-15 19:23:24');
INSERT INTO `songs` (`id`, `album_id`, `artist_id`, `name`, `file_url`, `length`, `description`, `cover_id`, `created_at`, `updated_at`) VALUES ('156', '6', '56', 'voluptas', 'http://www.funk.com/', '2599', 'Quo provident sint voluptas sit dolorum et facilis. Voluptatem occaecati omnis at possimus quaerat ipsam iure dolorum. Voluptate magni dicta ex laudantium aut omnis. Quia officia voluptates maxime tenetur voluptas ea omnis. Alias ut ratione quis et magni.', '56', '1975-08-21 23:10:59', '2021-04-15 19:23:24');
INSERT INTO `songs` (`id`, `album_id`, `artist_id`, `name`, `file_url`, `length`, `description`, `cover_id`, `created_at`, `updated_at`) VALUES ('157', '7', '57', 'ut', 'http://www.schillercrist.com/', '196', 'Rerum molestiae ut aut eos porro quasi illo. Qui eos natus ipsum tenetur consequatur eos. Fugit iusto quas ut iste.', '57', '1986-11-22 08:00:01', '2021-04-15 19:23:24');
INSERT INTO `songs` (`id`, `album_id`, `artist_id`, `name`, `file_url`, `length`, `description`, `cover_id`, `created_at`, `updated_at`) VALUES ('158', '8', '58', 'corrupti', 'http://heathcote.biz/', '1315', 'Eos sapiente commodi quaerat natus rerum sit natus. Vitae consequatur reprehenderit non quis possimus quos fuga.', '58', '1982-01-16 01:32:51', '2021-04-15 19:23:24');
INSERT INTO `songs` (`id`, `album_id`, `artist_id`, `name`, `file_url`, `length`, `description`, `cover_id`, `created_at`, `updated_at`) VALUES ('159', '9', '59', 'dolore', 'http://www.mohr.biz/', '2539', 'Voluptate mollitia occaecati voluptatem quibusdam blanditiis incidunt officia. Vel eaque assumenda iste quisquam magni aliquid. Soluta et necessitatibus perspiciatis provident aspernatur pariatur. Id blanditiis enim rerum non.', '59', '2008-10-26 23:12:35', '2021-04-15 19:23:24');
INSERT INTO `songs` (`id`, `album_id`, `artist_id`, `name`, `file_url`, `length`, `description`, `cover_id`, `created_at`, `updated_at`) VALUES ('160', '10', '60', 'omnis', 'http://www.funk.com/', '1182', 'Aspernatur quibusdam ipsam officia temporibus sequi in eius impedit. A occaecati aperiam non iure sequi provident voluptatem. Numquam quia nam dolorum sint ipsa molestiae. Rerum qui dolor alias veniam iste consequuntur dignissimos molestiae.', '60', '2013-12-01 10:33:34', '2021-04-15 19:23:24');
INSERT INTO `songs` (`id`, `album_id`, `artist_id`, `name`, `file_url`, `length`, `description`, `cover_id`, `created_at`, `updated_at`) VALUES ('161', '11', '61', 'ut', 'http://www.schoenlittel.com/', '1783', 'Voluptate quos recusandae ut ad aut possimus asperiores. Sed rerum molestiae aliquam delectus nemo perspiciatis. Dicta est enim natus eveniet debitis hic cupiditate tenetur.', '61', '1983-01-20 07:41:41', '2021-04-15 19:23:24');
INSERT INTO `songs` (`id`, `album_id`, `artist_id`, `name`, `file_url`, `length`, `description`, `cover_id`, `created_at`, `updated_at`) VALUES ('162', '12', '62', 'molestiae', 'http://pouros.com/', '3356', 'Placeat magnam fugit sunt. Rerum dolores ipsum quidem quasi. Velit hic minima sint repellendus doloremque dicta esse.', '62', '1992-01-28 01:02:13', '2021-04-15 19:23:24');
INSERT INTO `songs` (`id`, `album_id`, `artist_id`, `name`, `file_url`, `length`, `description`, `cover_id`, `created_at`, `updated_at`) VALUES ('163', '13', '63', 'earum', 'http://www.haag.org/', '3492', 'Dolor voluptates quisquam laborum totam atque. Dicta distinctio rerum ut rerum alias cumque sunt dolorem.', '63', '2020-04-30 15:15:30', '2021-04-15 19:23:24');
INSERT INTO `songs` (`id`, `album_id`, `artist_id`, `name`, `file_url`, `length`, `description`, `cover_id`, `created_at`, `updated_at`) VALUES ('164', '14', '64', 'vero', 'http://www.berge.com/', '3255', 'Qui quam labore porro ut architecto dolorem voluptate. Corrupti ducimus aut ut natus possimus et cumque.', '64', '1986-03-30 18:24:42', '2021-04-15 19:23:24');
INSERT INTO `songs` (`id`, `album_id`, `artist_id`, `name`, `file_url`, `length`, `description`, `cover_id`, `created_at`, `updated_at`) VALUES ('165', '15', '65', 'et', 'http://www.rosenbaum.biz/', '1929', 'Perspiciatis a modi modi eveniet. Sit ea non minus recusandae repellendus et. Culpa harum est quam eos aperiam fugiat iste.', '65', '2000-06-28 19:40:54', '2021-04-15 19:23:24');
INSERT INTO `songs` (`id`, `album_id`, `artist_id`, `name`, `file_url`, `length`, `description`, `cover_id`, `created_at`, `updated_at`) VALUES ('166', '16', '66', 'beatae', 'http://www.rogahn.com/', '766', 'Inventore laboriosam voluptatem fuga deleniti. Earum quo dicta delectus labore id. Cumque sit neque sit distinctio voluptas.', '66', '1985-07-22 10:48:33', '2021-04-15 19:23:24');
INSERT INTO `songs` (`id`, `album_id`, `artist_id`, `name`, `file_url`, `length`, `description`, `cover_id`, `created_at`, `updated_at`) VALUES ('167', '17', '67', 'in', 'http://willmsmills.com/', '1116', 'Nesciunt architecto eligendi temporibus non reprehenderit dolorem. Quaerat perspiciatis enim nam ab. Maiores ullam neque similique dolor fugiat non suscipit. Nihil aut consectetur maxime repellat dolorem dolor.', '67', '2007-12-11 00:04:41', '2021-04-15 19:23:24');
INSERT INTO `songs` (`id`, `album_id`, `artist_id`, `name`, `file_url`, `length`, `description`, `cover_id`, `created_at`, `updated_at`) VALUES ('168', '18', '68', 'illum', 'http://www.bechtelarparker.com/', '2619', 'Quibusdam eveniet molestias ut iure eveniet saepe et consequatur. Autem eius aut blanditiis omnis impedit. Tenetur suscipit veniam omnis at sapiente est maiores ipsam.', '68', '1981-07-18 00:52:47', '2021-04-15 19:23:24');
INSERT INTO `songs` (`id`, `album_id`, `artist_id`, `name`, `file_url`, `length`, `description`, `cover_id`, `created_at`, `updated_at`) VALUES ('169', '19', '69', 'ut', 'http://schamberger.org/', '1376', 'Eos nulla nihil et pariatur aut. Est ratione quia quos et quod aut et.', '69', '2003-07-24 23:30:26', '2021-04-15 19:23:24');
INSERT INTO `songs` (`id`, `album_id`, `artist_id`, `name`, `file_url`, `length`, `description`, `cover_id`, `created_at`, `updated_at`) VALUES ('170', '20', '70', 'dolorem', 'http://romaguera.org/', '770', 'Autem cumque quo eveniet nihil eum doloribus nulla sit. Nihil consequuntur repellendus voluptas.', '70', '1976-08-14 00:55:28', '2021-04-15 19:23:24');
INSERT INTO `songs` (`id`, `album_id`, `artist_id`, `name`, `file_url`, `length`, `description`, `cover_id`, `created_at`, `updated_at`) VALUES ('171', '21', '71', 'explicabo', 'http://wuckertabshire.biz/', '3338', 'Aut dolor atque culpa qui. Sit tenetur provident delectus occaecati quaerat vitae. Dolorem voluptatem quis molestiae nesciunt et rem. Iure doloribus dicta at eos et ut fugit dolores.', '71', '2018-12-03 17:24:00', '2021-04-15 19:23:24');
INSERT INTO `songs` (`id`, `album_id`, `artist_id`, `name`, `file_url`, `length`, `description`, `cover_id`, `created_at`, `updated_at`) VALUES ('172', '22', '72', 'amet', 'http://www.mcglynn.com/', '991', 'Rerum ex minus voluptatem nostrum accusantium. Commodi expedita laborum deserunt perferendis ut. Aut praesentium quidem unde consequatur facilis.', '72', '2001-01-29 01:35:42', '2021-04-15 19:23:24');
INSERT INTO `songs` (`id`, `album_id`, `artist_id`, `name`, `file_url`, `length`, `description`, `cover_id`, `created_at`, `updated_at`) VALUES ('173', '23', '73', 'iusto', 'http://www.price.com/', '1643', 'Quam nihil quia voluptas tempora commodi. Ratione ea qui nesciunt ullam perferendis nihil laborum.', '73', '1981-07-30 04:19:40', '2021-04-15 19:23:24');
INSERT INTO `songs` (`id`, `album_id`, `artist_id`, `name`, `file_url`, `length`, `description`, `cover_id`, `created_at`, `updated_at`) VALUES ('174', '24', '74', 'sit', 'http://gutkowski.info/', '3002', 'Sequi nostrum impedit alias dolor nihil ut ut. Iusto saepe rerum sint voluptatem sit ut. Earum vel et voluptatem ex qui eveniet. Libero nobis sunt quam aperiam veritatis.', '74', '1987-01-21 01:09:20', '2021-04-15 19:23:24');
INSERT INTO `songs` (`id`, `album_id`, `artist_id`, `name`, `file_url`, `length`, `description`, `cover_id`, `created_at`, `updated_at`) VALUES ('175', '25', '75', 'dolores', 'http://www.ortizgrant.net/', '2260', 'Debitis ipsa tempore et aliquid vel tempora. Ut dolores recusandae itaque eveniet dolor corrupti.', '75', '2011-10-07 21:52:00', '2021-04-15 19:23:24');
INSERT INTO `songs` (`id`, `album_id`, `artist_id`, `name`, `file_url`, `length`, `description`, `cover_id`, `created_at`, `updated_at`) VALUES ('176', '26', '76', 'qui', 'http://lueilwitz.net/', '2786', 'Iure perspiciatis vero et ipsa iusto voluptatem. Rem molestiae in quam impedit. Molestias a molestiae pariatur error ut quia voluptatibus. Tempore expedita at nostrum architecto.', '76', '1985-05-31 15:06:34', '2021-04-15 19:23:24');
INSERT INTO `songs` (`id`, `album_id`, `artist_id`, `name`, `file_url`, `length`, `description`, `cover_id`, `created_at`, `updated_at`) VALUES ('177', '27', '77', 'fuga', 'http://www.haleygoldner.com/', '2787', 'Rem sit ad maiores omnis quis quia eum. Rerum quibusdam dignissimos ut sint sunt incidunt consequatur. Ipsa aliquam vitae repellendus eveniet voluptas dolorem et.', '77', '1992-03-11 12:48:42', '2021-04-15 19:23:24');
INSERT INTO `songs` (`id`, `album_id`, `artist_id`, `name`, `file_url`, `length`, `description`, `cover_id`, `created_at`, `updated_at`) VALUES ('178', '28', '78', 'deleniti', 'http://hayes.biz/', '3343', 'Eligendi adipisci quia earum eos dolor. Doloribus qui recusandae ut tenetur sed consectetur dolores et. Sed et illum odit et vero pariatur.', '78', '2000-10-26 12:39:26', '2021-04-15 19:23:24');
INSERT INTO `songs` (`id`, `album_id`, `artist_id`, `name`, `file_url`, `length`, `description`, `cover_id`, `created_at`, `updated_at`) VALUES ('179', '29', '79', 'et', 'http://www.corkery.org/', '1461', 'Iste exercitationem corporis eos ut nostrum. Assumenda perspiciatis autem ducimus sit earum dolorem. Ratione totam consequatur molestias omnis sit dolorem. Eos sed dolor quisquam quod et.', '79', '2020-08-21 00:08:41', '2021-04-15 19:23:24');
INSERT INTO `songs` (`id`, `album_id`, `artist_id`, `name`, `file_url`, `length`, `description`, `cover_id`, `created_at`, `updated_at`) VALUES ('180', '30', '80', 'quo', 'http://www.veumtoy.org/', '2873', 'Non quia beatae fugiat exercitationem consequatur iste dicta nihil. Consectetur eligendi in esse illum sit. Libero recusandae culpa similique cupiditate magni.', '80', '1982-06-16 21:13:18', '2021-04-15 19:23:24');
INSERT INTO `songs` (`id`, `album_id`, `artist_id`, `name`, `file_url`, `length`, `description`, `cover_id`, `created_at`, `updated_at`) VALUES ('181', '31', '81', 'officia', 'http://www.schroederkreiger.net/', '1563', 'Dolorem consequatur consequatur culpa. Est nam et nam eligendi. Incidunt atque aperiam cum. Odit quidem sequi fugit quisquam dolor eveniet sint. Aliquam ea qui aut aliquid tempora ut.', '81', '2016-10-04 00:23:51', '2021-04-15 19:23:24');
INSERT INTO `songs` (`id`, `album_id`, `artist_id`, `name`, `file_url`, `length`, `description`, `cover_id`, `created_at`, `updated_at`) VALUES ('182', '32', '82', 'nostrum', 'http://robel.biz/', '2095', 'Perferendis ut neque eum accusantium. Vitae provident doloribus quibusdam culpa hic. Sint exercitationem impedit quos tenetur omnis. Iure velit laboriosam explicabo nesciunt.', '82', '2013-01-03 01:52:08', '2021-04-15 19:23:24');
INSERT INTO `songs` (`id`, `album_id`, `artist_id`, `name`, `file_url`, `length`, `description`, `cover_id`, `created_at`, `updated_at`) VALUES ('183', '33', '83', 'similique', 'http://www.larson.com/', '2612', 'Voluptatem voluptatum quas placeat asperiores et vel. Optio sed maxime saepe sint voluptatem molestias. Libero libero laudantium sed nemo dolorem quod similique. Iure magni reiciendis sapiente.', '83', '2001-03-14 02:10:15', '2021-04-15 19:23:24');
INSERT INTO `songs` (`id`, `album_id`, `artist_id`, `name`, `file_url`, `length`, `description`, `cover_id`, `created_at`, `updated_at`) VALUES ('184', '34', '84', 'iusto', 'http://www.wilderman.com/', '1220', 'Ut velit dolorum deleniti hic dignissimos dolorum ut. Hic vel tempora iste. Esse consectetur dolor velit magni ut tempore sunt. Ducimus perferendis eius voluptas consequatur maxime. Hic quidem quibusdam esse non et qui.', '84', '1980-12-31 15:09:39', '2021-04-15 19:23:24');
INSERT INTO `songs` (`id`, `album_id`, `artist_id`, `name`, `file_url`, `length`, `description`, `cover_id`, `created_at`, `updated_at`) VALUES ('185', '35', '85', 'provident', 'http://zboncak.org/', '862', 'Ab rerum sint asperiores id quos blanditiis. Est minima exercitationem earum voluptatibus quia dolorum. Reprehenderit animi officiis iusto eum debitis suscipit consequatur est. Omnis qui sed odit repudiandae iure consequatur.', '85', '1979-02-05 11:42:10', '2021-04-15 19:23:24');
INSERT INTO `songs` (`id`, `album_id`, `artist_id`, `name`, `file_url`, `length`, `description`, `cover_id`, `created_at`, `updated_at`) VALUES ('186', '36', '86', 'corporis', 'http://www.reichert.com/', '1678', 'Ab quisquam molestiae vel aut corporis aut. Qui dolores eos sunt qui dolorem odio inventore. Sit sapiente et dolorem tempore molestiae laboriosam voluptates aut. Suscipit aut sapiente corrupti architecto.', '86', '1983-09-30 02:02:10', '2021-04-15 19:23:24');
INSERT INTO `songs` (`id`, `album_id`, `artist_id`, `name`, `file_url`, `length`, `description`, `cover_id`, `created_at`, `updated_at`) VALUES ('187', '37', '87', 'voluptates', 'http://www.hahn.net/', '3459', 'Inventore sit tempore aliquam quae nam qui accusantium in. Tenetur aut libero fuga eos eum amet. Quia dolorem debitis qui modi aperiam ut deleniti.', '87', '1996-05-20 21:52:45', '2021-04-15 19:23:24');
INSERT INTO `songs` (`id`, `album_id`, `artist_id`, `name`, `file_url`, `length`, `description`, `cover_id`, `created_at`, `updated_at`) VALUES ('188', '38', '88', 'non', 'http://abshire.com/', '3527', 'Sed dolorem et possimus culpa et fuga voluptatibus. Non possimus omnis quibusdam ut.', '88', '2012-03-28 12:48:11', '2021-04-15 19:23:24');
INSERT INTO `songs` (`id`, `album_id`, `artist_id`, `name`, `file_url`, `length`, `description`, `cover_id`, `created_at`, `updated_at`) VALUES ('189', '39', '89', 'molestias', 'http://www.cruickshank.com/', '3274', 'Corrupti ab ut unde quia ut. Tenetur sequi et tempore magni rem aut. Dolore neque ut tenetur in delectus consequatur est.', '89', '1993-03-13 17:16:00', '2021-04-15 19:23:24');
INSERT INTO `songs` (`id`, `album_id`, `artist_id`, `name`, `file_url`, `length`, `description`, `cover_id`, `created_at`, `updated_at`) VALUES ('190', '40', '90', 'omnis', 'http://denesik.com/', '3197', 'Officia suscipit amet aliquid expedita excepturi amet ea. Sed dolorum debitis officia ipsum eveniet nam accusamus quod. Soluta neque fugiat at ad occaecati in.', '90', '1975-01-02 23:23:02', '2021-04-15 19:23:24');
INSERT INTO `songs` (`id`, `album_id`, `artist_id`, `name`, `file_url`, `length`, `description`, `cover_id`, `created_at`, `updated_at`) VALUES ('191', '41', '91', 'sunt', 'http://www.westgreenfelder.com/', '1673', 'Vitae quae assumenda facilis cum ullam. Sequi temporibus nostrum qui harum voluptatem. Est et sint qui.', '91', '1993-10-30 20:07:18', '2021-04-15 19:23:24');
INSERT INTO `songs` (`id`, `album_id`, `artist_id`, `name`, `file_url`, `length`, `description`, `cover_id`, `created_at`, `updated_at`) VALUES ('192', '42', '92', 'sed', 'http://www.hauck.com/', '3270', 'Qui blanditiis ut saepe excepturi saepe quis. Qui dolorem suscipit quisquam est rerum. Voluptatem architecto et magni aut. In porro fuga cupiditate rerum provident deserunt perspiciatis.', '92', '2003-05-05 01:52:06', '2021-04-15 19:23:24');
INSERT INTO `songs` (`id`, `album_id`, `artist_id`, `name`, `file_url`, `length`, `description`, `cover_id`, `created_at`, `updated_at`) VALUES ('193', '43', '93', 'rem', 'http://olson.org/', '2490', 'Soluta sit accusamus mollitia quibusdam. Perspiciatis qui perferendis non debitis omnis beatae. Quasi similique saepe perferendis modi voluptas voluptas cupiditate. Dolores doloremque nihil vero.', '93', '1991-12-19 13:29:18', '2021-04-15 19:23:24');
INSERT INTO `songs` (`id`, `album_id`, `artist_id`, `name`, `file_url`, `length`, `description`, `cover_id`, `created_at`, `updated_at`) VALUES ('194', '44', '94', 'dolorem', 'http://stiedemann.com/', '2551', 'Odit non sed repellendus sapiente non laborum. Eius autem dolores est minima in quaerat. Incidunt repellendus non illum velit veritatis sit. Quod autem ex nesciunt magnam ipsam saepe eligendi.', '94', '2016-06-18 08:25:13', '2021-04-15 19:23:24');
INSERT INTO `songs` (`id`, `album_id`, `artist_id`, `name`, `file_url`, `length`, `description`, `cover_id`, `created_at`, `updated_at`) VALUES ('195', '45', '95', 'sit', 'http://boyerwitting.com/', '1676', 'Perferendis accusamus minus et optio. Occaecati ipsum minima praesentium vel enim. Nihil non vero quas quo rerum.', '95', '1972-03-31 07:39:15', '2021-04-15 19:23:24');
INSERT INTO `songs` (`id`, `album_id`, `artist_id`, `name`, `file_url`, `length`, `description`, `cover_id`, `created_at`, `updated_at`) VALUES ('196', '46', '96', 'fugiat', 'http://www.schmeler.info/', '452', 'In animi nam ut eum aliquam pariatur. Corrupti aut praesentium non aut. Labore quo quo ab velit incidunt.', '96', '1976-07-26 09:55:53', '2021-04-15 19:23:24');
INSERT INTO `songs` (`id`, `album_id`, `artist_id`, `name`, `file_url`, `length`, `description`, `cover_id`, `created_at`, `updated_at`) VALUES ('197', '47', '97', 'itaque', 'http://mohr.com/', '1900', 'Sunt explicabo esse exercitationem nam tempora. Aut et impedit perferendis natus nesciunt et amet. Consequuntur et consectetur accusantium laborum nulla sunt ipsam. In quo saepe iure ut est.', '97', '1983-08-20 20:48:24', '2021-04-15 19:23:24');
INSERT INTO `songs` (`id`, `album_id`, `artist_id`, `name`, `file_url`, `length`, `description`, `cover_id`, `created_at`, `updated_at`) VALUES ('198', '48', '98', 'molestiae', 'http://www.frami.com/', '1002', 'Sunt temporibus aliquam quasi odio maxime nostrum ut. Corrupti ab eos reprehenderit expedita non labore eos. Quos autem iste omnis atque excepturi nobis autem rem.', '98', '1996-01-08 03:01:41', '2021-04-15 19:23:24');
INSERT INTO `songs` (`id`, `album_id`, `artist_id`, `name`, `file_url`, `length`, `description`, `cover_id`, `created_at`, `updated_at`) VALUES ('199', '49', '99', 'ut', 'http://www.leannonlind.info/', '2273', 'Voluptas itaque voluptatem ut facere similique iusto ut. Ratione rerum minima sunt impedit inventore harum. Reprehenderit nam ut nemo qui et voluptate.', '99', '1974-09-29 08:10:44', '2021-04-15 19:23:24');
INSERT INTO `songs` (`id`, `album_id`, `artist_id`, `name`, `file_url`, `length`, `description`, `cover_id`, `created_at`, `updated_at`) VALUES ('200', '50', '100', 'commodi', 'http://www.murphythompson.org/', '1261', 'Consequatur rem ipsum repellendus magnam inventore dolor consectetur. Optio deserunt voluptatibus iure alias quam explicabo nulla. Tempora enim quis unde dignissimos soluta consequuntur fuga qui. Hic maxime necessitatibus omnis totam facilis officia adipisci.', '100', '1991-07-22 21:02:51', '2021-04-15 19:23:24');

INSERT INTO `song_genres` (`song_id`, `genre_id`) VALUES ('151', '12');
INSERT INTO `song_genres` (`song_id`, `genre_id`) VALUES ('165', '6');
INSERT INTO `song_genres` (`song_id`, `genre_id`) VALUES ('171', '4');
INSERT INTO `song_genres` (`song_id`, `genre_id`) VALUES ('33', '7');
INSERT INTO `song_genres` (`song_id`, `genre_id`) VALUES ('179', '20');
INSERT INTO `song_genres` (`song_id`, `genre_id`) VALUES ('53', '11');
INSERT INTO `song_genres` (`song_id`, `genre_id`) VALUES ('57', '12');
INSERT INTO `song_genres` (`song_id`, `genre_id`) VALUES ('91', '20');
INSERT INTO `song_genres` (`song_id`, `genre_id`) VALUES ('135', '11');
INSERT INTO `song_genres` (`song_id`, `genre_id`) VALUES ('197', '11');
INSERT INTO `song_genres` (`song_id`, `genre_id`) VALUES ('165', '2');
INSERT INTO `song_genres` (`song_id`, `genre_id`) VALUES ('162', '2');
INSERT INTO `song_genres` (`song_id`, `genre_id`) VALUES ('155', '17');
INSERT INTO `song_genres` (`song_id`, `genre_id`) VALUES ('30', '14');
INSERT INTO `song_genres` (`song_id`, `genre_id`) VALUES ('151', '18');
INSERT INTO `song_genres` (`song_id`, `genre_id`) VALUES ('130', '8');
INSERT INTO `song_genres` (`song_id`, `genre_id`) VALUES ('8', '10');
INSERT INTO `song_genres` (`song_id`, `genre_id`) VALUES ('186', '18');
INSERT INTO `song_genres` (`song_id`, `genre_id`) VALUES ('158', '16');
INSERT INTO `song_genres` (`song_id`, `genre_id`) VALUES ('108', '12');
INSERT INTO `song_genres` (`song_id`, `genre_id`) VALUES ('119', '1');
INSERT INTO `song_genres` (`song_id`, `genre_id`) VALUES ('190', '5');
INSERT INTO `song_genres` (`song_id`, `genre_id`) VALUES ('161', '18');
INSERT INTO `song_genres` (`song_id`, `genre_id`) VALUES ('191', '20');
INSERT INTO `song_genres` (`song_id`, `genre_id`) VALUES ('182', '10');
INSERT INTO `song_genres` (`song_id`, `genre_id`) VALUES ('98', '8');
INSERT INTO `song_genres` (`song_id`, `genre_id`) VALUES ('107', '3');
INSERT INTO `song_genres` (`song_id`, `genre_id`) VALUES ('118', '17');
INSERT INTO `song_genres` (`song_id`, `genre_id`) VALUES ('20', '19');
INSERT INTO `song_genres` (`song_id`, `genre_id`) VALUES ('37', '2');
INSERT INTO `song_genres` (`song_id`, `genre_id`) VALUES ('164', '1');
INSERT INTO `song_genres` (`song_id`, `genre_id`) VALUES ('194', '15');
INSERT INTO `song_genres` (`song_id`, `genre_id`) VALUES ('148', '4');
INSERT INTO `song_genres` (`song_id`, `genre_id`) VALUES ('73', '11');
INSERT INTO `song_genres` (`song_id`, `genre_id`) VALUES ('195', '3');
INSERT INTO `song_genres` (`song_id`, `genre_id`) VALUES ('17', '15');
INSERT INTO `song_genres` (`song_id`, `genre_id`) VALUES ('21', '18');
INSERT INTO `song_genres` (`song_id`, `genre_id`) VALUES ('15', '18');
INSERT INTO `song_genres` (`song_id`, `genre_id`) VALUES ('151', '3');
INSERT INTO `song_genres` (`song_id`, `genre_id`) VALUES ('101', '11');
INSERT INTO `song_genres` (`song_id`, `genre_id`) VALUES ('55', '3');
INSERT INTO `song_genres` (`song_id`, `genre_id`) VALUES ('85', '7');
INSERT INTO `song_genres` (`song_id`, `genre_id`) VALUES ('64', '9');
INSERT INTO `song_genres` (`song_id`, `genre_id`) VALUES ('126', '20');
INSERT INTO `song_genres` (`song_id`, `genre_id`) VALUES ('99', '16');
INSERT INTO `song_genres` (`song_id`, `genre_id`) VALUES ('112', '9');
INSERT INTO `song_genres` (`song_id`, `genre_id`) VALUES ('129', '11');
INSERT INTO `song_genres` (`song_id`, `genre_id`) VALUES ('150', '14');
INSERT INTO `song_genres` (`song_id`, `genre_id`) VALUES ('166', '12');
INSERT INTO `song_genres` (`song_id`, `genre_id`) VALUES ('172', '12');
INSERT INTO `song_genres` (`song_id`, `genre_id`) VALUES ('18', '15');
INSERT INTO `song_genres` (`song_id`, `genre_id`) VALUES ('8', '19');
INSERT INTO `song_genres` (`song_id`, `genre_id`) VALUES ('164', '3');
INSERT INTO `song_genres` (`song_id`, `genre_id`) VALUES ('97', '19');
INSERT INTO `song_genres` (`song_id`, `genre_id`) VALUES ('180', '12');
INSERT INTO `song_genres` (`song_id`, `genre_id`) VALUES ('164', '18');
INSERT INTO `song_genres` (`song_id`, `genre_id`) VALUES ('127', '10');
INSERT INTO `song_genres` (`song_id`, `genre_id`) VALUES ('76', '17');
INSERT INTO `song_genres` (`song_id`, `genre_id`) VALUES ('155', '15');
INSERT INTO `song_genres` (`song_id`, `genre_id`) VALUES ('149', '10');
INSERT INTO `song_genres` (`song_id`, `genre_id`) VALUES ('80', '15');
INSERT INTO `song_genres` (`song_id`, `genre_id`) VALUES ('115', '15');
INSERT INTO `song_genres` (`song_id`, `genre_id`) VALUES ('11', '10');
INSERT INTO `song_genres` (`song_id`, `genre_id`) VALUES ('127', '19');
INSERT INTO `song_genres` (`song_id`, `genre_id`) VALUES ('194', '19');
INSERT INTO `song_genres` (`song_id`, `genre_id`) VALUES ('67', '20');
INSERT INTO `song_genres` (`song_id`, `genre_id`) VALUES ('180', '3');
INSERT INTO `song_genres` (`song_id`, `genre_id`) VALUES ('93', '17');
INSERT INTO `song_genres` (`song_id`, `genre_id`) VALUES ('182', '6');
INSERT INTO `song_genres` (`song_id`, `genre_id`) VALUES ('104', '9');
INSERT INTO `song_genres` (`song_id`, `genre_id`) VALUES ('82', '12');
INSERT INTO `song_genres` (`song_id`, `genre_id`) VALUES ('161', '4');
INSERT INTO `song_genres` (`song_id`, `genre_id`) VALUES ('178', '3');
INSERT INTO `song_genres` (`song_id`, `genre_id`) VALUES ('183', '14');
INSERT INTO `song_genres` (`song_id`, `genre_id`) VALUES ('68', '2');
INSERT INTO `song_genres` (`song_id`, `genre_id`) VALUES ('178', '15');
INSERT INTO `song_genres` (`song_id`, `genre_id`) VALUES ('200', '9');
INSERT INTO `song_genres` (`song_id`, `genre_id`) VALUES ('138', '17');
INSERT INTO `song_genres` (`song_id`, `genre_id`) VALUES ('140', '15');
INSERT INTO `song_genres` (`song_id`, `genre_id`) VALUES ('198', '20');
INSERT INTO `song_genres` (`song_id`, `genre_id`) VALUES ('88', '5');
INSERT INTO `song_genres` (`song_id`, `genre_id`) VALUES ('194', '12');
INSERT INTO `song_genres` (`song_id`, `genre_id`) VALUES ('38', '14');
INSERT INTO `song_genres` (`song_id`, `genre_id`) VALUES ('96', '20');
INSERT INTO `song_genres` (`song_id`, `genre_id`) VALUES ('77', '6');
INSERT INTO `song_genres` (`song_id`, `genre_id`) VALUES ('140', '9');
INSERT INTO `song_genres` (`song_id`, `genre_id`) VALUES ('24', '11');
INSERT INTO `song_genres` (`song_id`, `genre_id`) VALUES ('196', '15');
INSERT INTO `song_genres` (`song_id`, `genre_id`) VALUES ('190', '11');
INSERT INTO `song_genres` (`song_id`, `genre_id`) VALUES ('159', '8');
INSERT INTO `song_genres` (`song_id`, `genre_id`) VALUES ('67', '2');
INSERT INTO `song_genres` (`song_id`, `genre_id`) VALUES ('153', '17');
INSERT INTO `song_genres` (`song_id`, `genre_id`) VALUES ('91', '7');
INSERT INTO `song_genres` (`song_id`, `genre_id`) VALUES ('189', '2');
INSERT INTO `song_genres` (`song_id`, `genre_id`) VALUES ('99', '9');
INSERT INTO `song_genres` (`song_id`, `genre_id`) VALUES ('147', '5');
INSERT INTO `song_genres` (`song_id`, `genre_id`) VALUES ('48', '1');
INSERT INTO `song_genres` (`song_id`, `genre_id`) VALUES ('60', '8');
INSERT INTO `song_genres` (`song_id`, `genre_id`) VALUES ('190', '7');
INSERT INTO `song_genres` (`song_id`, `genre_id`) VALUES ('198', '3');
INSERT INTO `song_genres` (`song_id`, `genre_id`) VALUES ('153', '4');
INSERT INTO `song_genres` (`song_id`, `genre_id`) VALUES ('171', '2');
INSERT INTO `song_genres` (`song_id`, `genre_id`) VALUES ('163', '6');
INSERT INTO `song_genres` (`song_id`, `genre_id`) VALUES ('28', '14');
INSERT INTO `song_genres` (`song_id`, `genre_id`) VALUES ('162', '3');
INSERT INTO `song_genres` (`song_id`, `genre_id`) VALUES ('1', '18');
INSERT INTO `song_genres` (`song_id`, `genre_id`) VALUES ('48', '10');
INSERT INTO `song_genres` (`song_id`, `genre_id`) VALUES ('106', '11');
INSERT INTO `song_genres` (`song_id`, `genre_id`) VALUES ('101', '15');
INSERT INTO `song_genres` (`song_id`, `genre_id`) VALUES ('122', '20');
INSERT INTO `song_genres` (`song_id`, `genre_id`) VALUES ('26', '15');
INSERT INTO `song_genres` (`song_id`, `genre_id`) VALUES ('79', '6');
INSERT INTO `song_genres` (`song_id`, `genre_id`) VALUES ('171', '3');
INSERT INTO `song_genres` (`song_id`, `genre_id`) VALUES ('75', '4');
INSERT INTO `song_genres` (`song_id`, `genre_id`) VALUES ('94', '4');
INSERT INTO `song_genres` (`song_id`, `genre_id`) VALUES ('142', '20');
INSERT INTO `song_genres` (`song_id`, `genre_id`) VALUES ('160', '14');
INSERT INTO `song_genres` (`song_id`, `genre_id`) VALUES ('103', '15');
INSERT INTO `song_genres` (`song_id`, `genre_id`) VALUES ('37', '14');
INSERT INTO `song_genres` (`song_id`, `genre_id`) VALUES ('124', '17');
INSERT INTO `song_genres` (`song_id`, `genre_id`) VALUES ('183', '9');
INSERT INTO `song_genres` (`song_id`, `genre_id`) VALUES ('135', '3');
INSERT INTO `song_genres` (`song_id`, `genre_id`) VALUES ('44', '9');
INSERT INTO `song_genres` (`song_id`, `genre_id`) VALUES ('100', '5');
INSERT INTO `song_genres` (`song_id`, `genre_id`) VALUES ('123', '8');
INSERT INTO `song_genres` (`song_id`, `genre_id`) VALUES ('196', '7');
INSERT INTO `song_genres` (`song_id`, `genre_id`) VALUES ('66', '1');
INSERT INTO `song_genres` (`song_id`, `genre_id`) VALUES ('143', '13');
INSERT INTO `song_genres` (`song_id`, `genre_id`) VALUES ('146', '19');
INSERT INTO `song_genres` (`song_id`, `genre_id`) VALUES ('81', '18');
INSERT INTO `song_genres` (`song_id`, `genre_id`) VALUES ('141', '11');
INSERT INTO `song_genres` (`song_id`, `genre_id`) VALUES ('141', '6');
INSERT INTO `song_genres` (`song_id`, `genre_id`) VALUES ('158', '3');
INSERT INTO `song_genres` (`song_id`, `genre_id`) VALUES ('100', '15');
INSERT INTO `song_genres` (`song_id`, `genre_id`) VALUES ('85', '11');
INSERT INTO `song_genres` (`song_id`, `genre_id`) VALUES ('123', '14');
INSERT INTO `song_genres` (`song_id`, `genre_id`) VALUES ('14', '2');
INSERT INTO `song_genres` (`song_id`, `genre_id`) VALUES ('187', '4');
INSERT INTO `song_genres` (`song_id`, `genre_id`) VALUES ('140', '3');
INSERT INTO `song_genres` (`song_id`, `genre_id`) VALUES ('52', '5');
INSERT INTO `song_genres` (`song_id`, `genre_id`) VALUES ('40', '16');
INSERT INTO `song_genres` (`song_id`, `genre_id`) VALUES ('92', '4');
INSERT INTO `song_genres` (`song_id`, `genre_id`) VALUES ('117', '17');
INSERT INTO `song_genres` (`song_id`, `genre_id`) VALUES ('196', '10');
INSERT INTO `song_genres` (`song_id`, `genre_id`) VALUES ('107', '19');
INSERT INTO `song_genres` (`song_id`, `genre_id`) VALUES ('80', '8');
INSERT INTO `song_genres` (`song_id`, `genre_id`) VALUES ('152', '5');
INSERT INTO `song_genres` (`song_id`, `genre_id`) VALUES ('141', '13');
INSERT INTO `song_genres` (`song_id`, `genre_id`) VALUES ('93', '20');
INSERT INTO `song_genres` (`song_id`, `genre_id`) VALUES ('51', '16');
INSERT INTO `song_genres` (`song_id`, `genre_id`) VALUES ('164', '16');
INSERT INTO `song_genres` (`song_id`, `genre_id`) VALUES ('126', '1');
INSERT INTO `song_genres` (`song_id`, `genre_id`) VALUES ('113', '14');
INSERT INTO `song_genres` (`song_id`, `genre_id`) VALUES ('183', '15');
INSERT INTO `song_genres` (`song_id`, `genre_id`) VALUES ('37', '10');
INSERT INTO `song_genres` (`song_id`, `genre_id`) VALUES ('192', '10');
INSERT INTO `song_genres` (`song_id`, `genre_id`) VALUES ('36', '12');
INSERT INTO `song_genres` (`song_id`, `genre_id`) VALUES ('23', '20');
INSERT INTO `song_genres` (`song_id`, `genre_id`) VALUES ('48', '6');
INSERT INTO `song_genres` (`song_id`, `genre_id`) VALUES ('34', '19');
INSERT INTO `song_genres` (`song_id`, `genre_id`) VALUES ('89', '9');
INSERT INTO `song_genres` (`song_id`, `genre_id`) VALUES ('82', '3');
INSERT INTO `song_genres` (`song_id`, `genre_id`) VALUES ('36', '16');
INSERT INTO `song_genres` (`song_id`, `genre_id`) VALUES ('14', '10');
INSERT INTO `song_genres` (`song_id`, `genre_id`) VALUES ('85', '9');
INSERT INTO `song_genres` (`song_id`, `genre_id`) VALUES ('98', '3');
INSERT INTO `song_genres` (`song_id`, `genre_id`) VALUES ('21', '2');
INSERT INTO `song_genres` (`song_id`, `genre_id`) VALUES ('172', '18');
INSERT INTO `song_genres` (`song_id`, `genre_id`) VALUES ('125', '2');
INSERT INTO `song_genres` (`song_id`, `genre_id`) VALUES ('159', '4');
INSERT INTO `song_genres` (`song_id`, `genre_id`) VALUES ('152', '6');
INSERT INTO `song_genres` (`song_id`, `genre_id`) VALUES ('198', '7');
INSERT INTO `song_genres` (`song_id`, `genre_id`) VALUES ('126', '16');
INSERT INTO `song_genres` (`song_id`, `genre_id`) VALUES ('98', '19');
INSERT INTO `song_genres` (`song_id`, `genre_id`) VALUES ('41', '6');
INSERT INTO `song_genres` (`song_id`, `genre_id`) VALUES ('47', '19');
INSERT INTO `song_genres` (`song_id`, `genre_id`) VALUES ('123', '1');
INSERT INTO `song_genres` (`song_id`, `genre_id`) VALUES ('124', '6');
INSERT INTO `song_genres` (`song_id`, `genre_id`) VALUES ('157', '11');
INSERT INTO `song_genres` (`song_id`, `genre_id`) VALUES ('95', '6');
INSERT INTO `song_genres` (`song_id`, `genre_id`) VALUES ('11', '17');
INSERT INTO `song_genres` (`song_id`, `genre_id`) VALUES ('47', '11');
INSERT INTO `song_genres` (`song_id`, `genre_id`) VALUES ('92', '1');
INSERT INTO `song_genres` (`song_id`, `genre_id`) VALUES ('52', '3');
INSERT INTO `song_genres` (`song_id`, `genre_id`) VALUES ('143', '12');
INSERT INTO `song_genres` (`song_id`, `genre_id`) VALUES ('64', '20');
INSERT INTO `song_genres` (`song_id`, `genre_id`) VALUES ('186', '15');
INSERT INTO `song_genres` (`song_id`, `genre_id`) VALUES ('96', '7');
INSERT INTO `song_genres` (`song_id`, `genre_id`) VALUES ('31', '4');
INSERT INTO `song_genres` (`song_id`, `genre_id`) VALUES ('90', '5');
INSERT INTO `song_genres` (`song_id`, `genre_id`) VALUES ('21', '11');
INSERT INTO `song_genres` (`song_id`, `genre_id`) VALUES ('156', '16');
INSERT INTO `song_genres` (`song_id`, `genre_id`) VALUES ('48', '9');
INSERT INTO `song_genres` (`song_id`, `genre_id`) VALUES ('186', '12');

INSERT INTO `paylist_songs` (`playlist_id`, `song_id`) VALUES ('31', '85');
INSERT INTO `paylist_songs` (`playlist_id`, `song_id`) VALUES ('37', '116');
INSERT INTO `paylist_songs` (`playlist_id`, `song_id`) VALUES ('33', '2');
INSERT INTO `paylist_songs` (`playlist_id`, `song_id`) VALUES ('48', '123');
INSERT INTO `paylist_songs` (`playlist_id`, `song_id`) VALUES ('33', '57');
INSERT INTO `paylist_songs` (`playlist_id`, `song_id`) VALUES ('24', '17');
INSERT INTO `paylist_songs` (`playlist_id`, `song_id`) VALUES ('29', '11');
INSERT INTO `paylist_songs` (`playlist_id`, `song_id`) VALUES ('37', '117');
INSERT INTO `paylist_songs` (`playlist_id`, `song_id`) VALUES ('1', '179');
INSERT INTO `paylist_songs` (`playlist_id`, `song_id`) VALUES ('21', '119');
INSERT INTO `paylist_songs` (`playlist_id`, `song_id`) VALUES ('30', '16');
INSERT INTO `paylist_songs` (`playlist_id`, `song_id`) VALUES ('40', '100');
INSERT INTO `paylist_songs` (`playlist_id`, `song_id`) VALUES ('49', '5');
INSERT INTO `paylist_songs` (`playlist_id`, `song_id`) VALUES ('20', '33');
INSERT INTO `paylist_songs` (`playlist_id`, `song_id`) VALUES ('22', '47');
INSERT INTO `paylist_songs` (`playlist_id`, `song_id`) VALUES ('43', '9');
INSERT INTO `paylist_songs` (`playlist_id`, `song_id`) VALUES ('33', '117');
INSERT INTO `paylist_songs` (`playlist_id`, `song_id`) VALUES ('31', '62');
INSERT INTO `paylist_songs` (`playlist_id`, `song_id`) VALUES ('30', '114');
INSERT INTO `paylist_songs` (`playlist_id`, `song_id`) VALUES ('46', '48');
INSERT INTO `paylist_songs` (`playlist_id`, `song_id`) VALUES ('43', '76');
INSERT INTO `paylist_songs` (`playlist_id`, `song_id`) VALUES ('17', '85');
INSERT INTO `paylist_songs` (`playlist_id`, `song_id`) VALUES ('22', '10');
INSERT INTO `paylist_songs` (`playlist_id`, `song_id`) VALUES ('1', '88');
INSERT INTO `paylist_songs` (`playlist_id`, `song_id`) VALUES ('47', '81');
INSERT INTO `paylist_songs` (`playlist_id`, `song_id`) VALUES ('2', '108');
INSERT INTO `paylist_songs` (`playlist_id`, `song_id`) VALUES ('25', '163');
INSERT INTO `paylist_songs` (`playlist_id`, `song_id`) VALUES ('2', '89');
INSERT INTO `paylist_songs` (`playlist_id`, `song_id`) VALUES ('42', '86');
INSERT INTO `paylist_songs` (`playlist_id`, `song_id`) VALUES ('31', '53');
INSERT INTO `paylist_songs` (`playlist_id`, `song_id`) VALUES ('33', '91');
INSERT INTO `paylist_songs` (`playlist_id`, `song_id`) VALUES ('16', '63');
INSERT INTO `paylist_songs` (`playlist_id`, `song_id`) VALUES ('2', '184');
INSERT INTO `paylist_songs` (`playlist_id`, `song_id`) VALUES ('31', '126');
INSERT INTO `paylist_songs` (`playlist_id`, `song_id`) VALUES ('25', '107');
INSERT INTO `paylist_songs` (`playlist_id`, `song_id`) VALUES ('44', '69');
INSERT INTO `paylist_songs` (`playlist_id`, `song_id`) VALUES ('46', '38');
INSERT INTO `paylist_songs` (`playlist_id`, `song_id`) VALUES ('39', '69');
INSERT INTO `paylist_songs` (`playlist_id`, `song_id`) VALUES ('12', '153');
INSERT INTO `paylist_songs` (`playlist_id`, `song_id`) VALUES ('40', '36');
INSERT INTO `paylist_songs` (`playlist_id`, `song_id`) VALUES ('9', '163');
INSERT INTO `paylist_songs` (`playlist_id`, `song_id`) VALUES ('36', '131');
INSERT INTO `paylist_songs` (`playlist_id`, `song_id`) VALUES ('32', '149');
INSERT INTO `paylist_songs` (`playlist_id`, `song_id`) VALUES ('5', '92');
INSERT INTO `paylist_songs` (`playlist_id`, `song_id`) VALUES ('9', '141');
INSERT INTO `paylist_songs` (`playlist_id`, `song_id`) VALUES ('36', '166');
INSERT INTO `paylist_songs` (`playlist_id`, `song_id`) VALUES ('8', '5');
INSERT INTO `paylist_songs` (`playlist_id`, `song_id`) VALUES ('8', '39');
INSERT INTO `paylist_songs` (`playlist_id`, `song_id`) VALUES ('47', '152');
INSERT INTO `paylist_songs` (`playlist_id`, `song_id`) VALUES ('42', '86');
INSERT INTO `paylist_songs` (`playlist_id`, `song_id`) VALUES ('15', '138');
INSERT INTO `paylist_songs` (`playlist_id`, `song_id`) VALUES ('39', '42');
INSERT INTO `paylist_songs` (`playlist_id`, `song_id`) VALUES ('44', '106');
INSERT INTO `paylist_songs` (`playlist_id`, `song_id`) VALUES ('28', '23');
INSERT INTO `paylist_songs` (`playlist_id`, `song_id`) VALUES ('15', '67');
INSERT INTO `paylist_songs` (`playlist_id`, `song_id`) VALUES ('15', '93');
INSERT INTO `paylist_songs` (`playlist_id`, `song_id`) VALUES ('8', '200');
INSERT INTO `paylist_songs` (`playlist_id`, `song_id`) VALUES ('6', '154');
INSERT INTO `paylist_songs` (`playlist_id`, `song_id`) VALUES ('38', '43');
INSERT INTO `paylist_songs` (`playlist_id`, `song_id`) VALUES ('12', '183');
INSERT INTO `paylist_songs` (`playlist_id`, `song_id`) VALUES ('46', '189');
INSERT INTO `paylist_songs` (`playlist_id`, `song_id`) VALUES ('37', '14');
INSERT INTO `paylist_songs` (`playlist_id`, `song_id`) VALUES ('49', '176');
INSERT INTO `paylist_songs` (`playlist_id`, `song_id`) VALUES ('14', '181');
INSERT INTO `paylist_songs` (`playlist_id`, `song_id`) VALUES ('32', '17');
INSERT INTO `paylist_songs` (`playlist_id`, `song_id`) VALUES ('17', '187');
INSERT INTO `paylist_songs` (`playlist_id`, `song_id`) VALUES ('39', '20');
INSERT INTO `paylist_songs` (`playlist_id`, `song_id`) VALUES ('8', '130');
INSERT INTO `paylist_songs` (`playlist_id`, `song_id`) VALUES ('32', '139');
INSERT INTO `paylist_songs` (`playlist_id`, `song_id`) VALUES ('38', '185');
INSERT INTO `paylist_songs` (`playlist_id`, `song_id`) VALUES ('2', '10');
INSERT INTO `paylist_songs` (`playlist_id`, `song_id`) VALUES ('20', '35');
INSERT INTO `paylist_songs` (`playlist_id`, `song_id`) VALUES ('3', '101');
INSERT INTO `paylist_songs` (`playlist_id`, `song_id`) VALUES ('47', '158');
INSERT INTO `paylist_songs` (`playlist_id`, `song_id`) VALUES ('36', '33');
INSERT INTO `paylist_songs` (`playlist_id`, `song_id`) VALUES ('35', '126');
INSERT INTO `paylist_songs` (`playlist_id`, `song_id`) VALUES ('6', '88');
INSERT INTO `paylist_songs` (`playlist_id`, `song_id`) VALUES ('35', '15');
INSERT INTO `paylist_songs` (`playlist_id`, `song_id`) VALUES ('16', '193');
INSERT INTO `paylist_songs` (`playlist_id`, `song_id`) VALUES ('49', '192');
INSERT INTO `paylist_songs` (`playlist_id`, `song_id`) VALUES ('3', '62');
INSERT INTO `paylist_songs` (`playlist_id`, `song_id`) VALUES ('45', '163');
INSERT INTO `paylist_songs` (`playlist_id`, `song_id`) VALUES ('21', '7');
INSERT INTO `paylist_songs` (`playlist_id`, `song_id`) VALUES ('24', '8');
INSERT INTO `paylist_songs` (`playlist_id`, `song_id`) VALUES ('37', '44');
INSERT INTO `paylist_songs` (`playlist_id`, `song_id`) VALUES ('48', '151');
INSERT INTO `paylist_songs` (`playlist_id`, `song_id`) VALUES ('14', '70');
INSERT INTO `paylist_songs` (`playlist_id`, `song_id`) VALUES ('47', '62');
INSERT INTO `paylist_songs` (`playlist_id`, `song_id`) VALUES ('43', '172');
INSERT INTO `paylist_songs` (`playlist_id`, `song_id`) VALUES ('5', '114');
INSERT INTO `paylist_songs` (`playlist_id`, `song_id`) VALUES ('1', '160');
INSERT INTO `paylist_songs` (`playlist_id`, `song_id`) VALUES ('10', '25');
INSERT INTO `paylist_songs` (`playlist_id`, `song_id`) VALUES ('12', '179');
INSERT INTO `paylist_songs` (`playlist_id`, `song_id`) VALUES ('10', '110');
INSERT INTO `paylist_songs` (`playlist_id`, `song_id`) VALUES ('43', '34');
INSERT INTO `paylist_songs` (`playlist_id`, `song_id`) VALUES ('26', '180');
INSERT INTO `paylist_songs` (`playlist_id`, `song_id`) VALUES ('24', '79');
INSERT INTO `paylist_songs` (`playlist_id`, `song_id`) VALUES ('36', '177');
INSERT INTO `paylist_songs` (`playlist_id`, `song_id`) VALUES ('22', '35');
INSERT INTO `paylist_songs` (`playlist_id`, `song_id`) VALUES ('46', '30');

INSERT INTO `album_songs` (`album_id`, `song_id`, `song_order`) VALUES ('13', '88', 12);
INSERT INTO `album_songs` (`album_id`, `song_id`, `song_order`) VALUES ('20', '133', 18);
INSERT INTO `album_songs` (`album_id`, `song_id`, `song_order`) VALUES ('39', '26', 20);
INSERT INTO `album_songs` (`album_id`, `song_id`, `song_order`) VALUES ('21', '80', 20);
INSERT INTO `album_songs` (`album_id`, `song_id`, `song_order`) VALUES ('19', '179', 15);
INSERT INTO `album_songs` (`album_id`, `song_id`, `song_order`) VALUES ('36', '102', 4);
INSERT INTO `album_songs` (`album_id`, `song_id`, `song_order`) VALUES ('15', '56', 4);
INSERT INTO `album_songs` (`album_id`, `song_id`, `song_order`) VALUES ('16', '196', 16);
INSERT INTO `album_songs` (`album_id`, `song_id`, `song_order`) VALUES ('30', '97', 12);
INSERT INTO `album_songs` (`album_id`, `song_id`, `song_order`) VALUES ('27', '30', 1);
INSERT INTO `album_songs` (`album_id`, `song_id`, `song_order`) VALUES ('47', '58', 20);
INSERT INTO `album_songs` (`album_id`, `song_id`, `song_order`) VALUES ('25', '118', 6);
INSERT INTO `album_songs` (`album_id`, `song_id`, `song_order`) VALUES ('47', '54', 14);
INSERT INTO `album_songs` (`album_id`, `song_id`, `song_order`) VALUES ('47', '67', 4);
INSERT INTO `album_songs` (`album_id`, `song_id`, `song_order`) VALUES ('15', '70', 18);
INSERT INTO `album_songs` (`album_id`, `song_id`, `song_order`) VALUES ('12', '109', 15);
INSERT INTO `album_songs` (`album_id`, `song_id`, `song_order`) VALUES ('40', '124', 3);
INSERT INTO `album_songs` (`album_id`, `song_id`, `song_order`) VALUES ('11', '111', 8);
INSERT INTO `album_songs` (`album_id`, `song_id`, `song_order`) VALUES ('38', '122', 10);
INSERT INTO `album_songs` (`album_id`, `song_id`, `song_order`) VALUES ('48', '23', 3);
INSERT INTO `album_songs` (`album_id`, `song_id`, `song_order`) VALUES ('25', '133', 1);
INSERT INTO `album_songs` (`album_id`, `song_id`, `song_order`) VALUES ('31', '158', 20);
INSERT INTO `album_songs` (`album_id`, `song_id`, `song_order`) VALUES ('48', '186', 3);
INSERT INTO `album_songs` (`album_id`, `song_id`, `song_order`) VALUES ('39', '105', 10);
INSERT INTO `album_songs` (`album_id`, `song_id`, `song_order`) VALUES ('21', '60', 6);
INSERT INTO `album_songs` (`album_id`, `song_id`, `song_order`) VALUES ('34', '69', 8);
INSERT INTO `album_songs` (`album_id`, `song_id`, `song_order`) VALUES ('30', '31', 17);
INSERT INTO `album_songs` (`album_id`, `song_id`, `song_order`) VALUES ('47', '102', 8);
INSERT INTO `album_songs` (`album_id`, `song_id`, `song_order`) VALUES ('22', '174', 10);
INSERT INTO `album_songs` (`album_id`, `song_id`, `song_order`) VALUES ('43', '145', 5);
INSERT INTO `album_songs` (`album_id`, `song_id`, `song_order`) VALUES ('11', '13', 6);
INSERT INTO `album_songs` (`album_id`, `song_id`, `song_order`) VALUES ('14', '2', 12);
INSERT INTO `album_songs` (`album_id`, `song_id`, `song_order`) VALUES ('35', '93', 20);
INSERT INTO `album_songs` (`album_id`, `song_id`, `song_order`) VALUES ('28', '86', 14);
INSERT INTO `album_songs` (`album_id`, `song_id`, `song_order`) VALUES ('4', '102', 2);
INSERT INTO `album_songs` (`album_id`, `song_id`, `song_order`) VALUES ('27', '114', 15);
INSERT INTO `album_songs` (`album_id`, `song_id`, `song_order`) VALUES ('9', '31', 13);
INSERT INTO `album_songs` (`album_id`, `song_id`, `song_order`) VALUES ('18', '23', 6);
INSERT INTO `album_songs` (`album_id`, `song_id`, `song_order`) VALUES ('5', '24', 9);
INSERT INTO `album_songs` (`album_id`, `song_id`, `song_order`) VALUES ('32', '98', 9);
INSERT INTO `album_songs` (`album_id`, `song_id`, `song_order`) VALUES ('21', '62', 18);
INSERT INTO `album_songs` (`album_id`, `song_id`, `song_order`) VALUES ('42', '1', 15);
INSERT INTO `album_songs` (`album_id`, `song_id`, `song_order`) VALUES ('24', '153', 15);
INSERT INTO `album_songs` (`album_id`, `song_id`, `song_order`) VALUES ('26', '178', 14);
INSERT INTO `album_songs` (`album_id`, `song_id`, `song_order`) VALUES ('32', '71', 16);
INSERT INTO `album_songs` (`album_id`, `song_id`, `song_order`) VALUES ('31', '171', 6);
INSERT INTO `album_songs` (`album_id`, `song_id`, `song_order`) VALUES ('21', '174', 5);
INSERT INTO `album_songs` (`album_id`, `song_id`, `song_order`) VALUES ('44', '19', 19);
INSERT INTO `album_songs` (`album_id`, `song_id`, `song_order`) VALUES ('17', '85', 3);
INSERT INTO `album_songs` (`album_id`, `song_id`, `song_order`) VALUES ('27', '81', 19);
INSERT INTO `album_songs` (`album_id`, `song_id`, `song_order`) VALUES ('47', '12', 5);
INSERT INTO `album_songs` (`album_id`, `song_id`, `song_order`) VALUES ('49', '21', 2);
INSERT INTO `album_songs` (`album_id`, `song_id`, `song_order`) VALUES ('11', '66', 11);
INSERT INTO `album_songs` (`album_id`, `song_id`, `song_order`) VALUES ('11', '59', 12);
INSERT INTO `album_songs` (`album_id`, `song_id`, `song_order`) VALUES ('23', '170', 4);
INSERT INTO `album_songs` (`album_id`, `song_id`, `song_order`) VALUES ('39', '173', 18);
INSERT INTO `album_songs` (`album_id`, `song_id`, `song_order`) VALUES ('8', '123', 17);
INSERT INTO `album_songs` (`album_id`, `song_id`, `song_order`) VALUES ('44', '124', 7);
INSERT INTO `album_songs` (`album_id`, `song_id`, `song_order`) VALUES ('19', '76', 9);
INSERT INTO `album_songs` (`album_id`, `song_id`, `song_order`) VALUES ('26', '3', 5);
INSERT INTO `album_songs` (`album_id`, `song_id`, `song_order`) VALUES ('37', '22', 4);
INSERT INTO `album_songs` (`album_id`, `song_id`, `song_order`) VALUES ('44', '29', 6);
INSERT INTO `album_songs` (`album_id`, `song_id`, `song_order`) VALUES ('49', '146', 14);
INSERT INTO `album_songs` (`album_id`, `song_id`, `song_order`) VALUES ('12', '62', 20);
INSERT INTO `album_songs` (`album_id`, `song_id`, `song_order`) VALUES ('8', '152', 6);
INSERT INTO `album_songs` (`album_id`, `song_id`, `song_order`) VALUES ('36', '16', 20);
INSERT INTO `album_songs` (`album_id`, `song_id`, `song_order`) VALUES ('41', '137', 4);
INSERT INTO `album_songs` (`album_id`, `song_id`, `song_order`) VALUES ('9', '5', 18);
INSERT INTO `album_songs` (`album_id`, `song_id`, `song_order`) VALUES ('1', '79', 10);
INSERT INTO `album_songs` (`album_id`, `song_id`, `song_order`) VALUES ('16', '91', 1);
INSERT INTO `album_songs` (`album_id`, `song_id`, `song_order`) VALUES ('12', '20', 4);
INSERT INTO `album_songs` (`album_id`, `song_id`, `song_order`) VALUES ('16', '79', 9);
INSERT INTO `album_songs` (`album_id`, `song_id`, `song_order`) VALUES ('36', '37', 2);
INSERT INTO `album_songs` (`album_id`, `song_id`, `song_order`) VALUES ('1', '18', 11);
INSERT INTO `album_songs` (`album_id`, `song_id`, `song_order`) VALUES ('28', '103', 12);
INSERT INTO `album_songs` (`album_id`, `song_id`, `song_order`) VALUES ('5', '57', 5);
INSERT INTO `album_songs` (`album_id`, `song_id`, `song_order`) VALUES ('32', '193', 13);
INSERT INTO `album_songs` (`album_id`, `song_id`, `song_order`) VALUES ('22', '121', 12);
INSERT INTO `album_songs` (`album_id`, `song_id`, `song_order`) VALUES ('35', '133', 3);
INSERT INTO `album_songs` (`album_id`, `song_id`, `song_order`) VALUES ('46', '168', 13);
INSERT INTO `album_songs` (`album_id`, `song_id`, `song_order`) VALUES ('22', '124', 4);
INSERT INTO `album_songs` (`album_id`, `song_id`, `song_order`) VALUES ('46', '47', 5);
INSERT INTO `album_songs` (`album_id`, `song_id`, `song_order`) VALUES ('15', '19', 20);
INSERT INTO `album_songs` (`album_id`, `song_id`, `song_order`) VALUES ('13', '61', 4);
INSERT INTO `album_songs` (`album_id`, `song_id`, `song_order`) VALUES ('25', '116', 11);
INSERT INTO `album_songs` (`album_id`, `song_id`, `song_order`) VALUES ('38', '145', 2);
INSERT INTO `album_songs` (`album_id`, `song_id`, `song_order`) VALUES ('34', '15', 9);
INSERT INTO `album_songs` (`album_id`, `song_id`, `song_order`) VALUES ('6', '77', 6);
INSERT INTO `album_songs` (`album_id`, `song_id`, `song_order`) VALUES ('13', '25', 14);
INSERT INTO `album_songs` (`album_id`, `song_id`, `song_order`) VALUES ('24', '162', 6);
INSERT INTO `album_songs` (`album_id`, `song_id`, `song_order`) VALUES ('32', '114', 7);
INSERT INTO `album_songs` (`album_id`, `song_id`, `song_order`) VALUES ('5', '53', 8);
INSERT INTO `album_songs` (`album_id`, `song_id`, `song_order`) VALUES ('27', '104', 3);
INSERT INTO `album_songs` (`album_id`, `song_id`, `song_order`) VALUES ('44', '45', 20);
INSERT INTO `album_songs` (`album_id`, `song_id`, `song_order`) VALUES ('10', '155', 12);
INSERT INTO `album_songs` (`album_id`, `song_id`, `song_order`) VALUES ('4', '121', 11);
INSERT INTO `album_songs` (`album_id`, `song_id`, `song_order`) VALUES ('20', '196', 2);
INSERT INTO `album_songs` (`album_id`, `song_id`, `song_order`) VALUES ('42', '138', 7);
INSERT INTO `album_songs` (`album_id`, `song_id`, `song_order`) VALUES ('4', '20', 16);
INSERT INTO `album_songs` (`album_id`, `song_id`, `song_order`) VALUES ('50', '111', 20);

INSERT INTO `song_activities` (`id`, `user_id`, `song_id`, `liked`, `play_count`, `created_at`, `updated_at`) VALUES ('1', '85', '57', 0, 737153329, '2018-02-05 00:27:38', '2021-04-15 19:27:33');
INSERT INTO `song_activities` (`id`, `user_id`, `song_id`, `liked`, `play_count`, `created_at`, `updated_at`) VALUES ('2', '35', '125', 1, 152199074, '1977-08-09 15:57:41', '2021-04-15 19:27:33');
INSERT INTO `song_activities` (`id`, `user_id`, `song_id`, `liked`, `play_count`, `created_at`, `updated_at`) VALUES ('3', '62', '148', 1, 717162135, '1979-05-02 19:19:49', '2021-04-15 19:27:33');
INSERT INTO `song_activities` (`id`, `user_id`, `song_id`, `liked`, `play_count`, `created_at`, `updated_at`) VALUES ('4', '60', '100', 0, 199600158, '2001-09-14 12:25:15', '2021-04-15 19:27:33');
INSERT INTO `song_activities` (`id`, `user_id`, `song_id`, `liked`, `play_count`, `created_at`, `updated_at`) VALUES ('5', '28', '137', 1, 325935429, '2014-12-20 16:30:47', '2021-04-15 19:27:33');
INSERT INTO `song_activities` (`id`, `user_id`, `song_id`, `liked`, `play_count`, `created_at`, `updated_at`) VALUES ('6', '24', '39', 1, 120912528, '1993-03-26 20:26:56', '2021-04-15 19:27:33');
INSERT INTO `song_activities` (`id`, `user_id`, `song_id`, `liked`, `play_count`, `created_at`, `updated_at`) VALUES ('7', '27', '174', 0, 136897855, '2020-03-05 10:29:41', '2021-04-15 19:27:33');
INSERT INTO `song_activities` (`id`, `user_id`, `song_id`, `liked`, `play_count`, `created_at`, `updated_at`) VALUES ('8', '69', '145', 1, 882224886, '1971-02-08 15:00:59', '2021-04-15 19:27:33');
INSERT INTO `song_activities` (`id`, `user_id`, `song_id`, `liked`, `play_count`, `created_at`, `updated_at`) VALUES ('9', '6', '105', 1, 924487797, '2012-07-10 21:08:06', '2021-04-15 19:27:33');
INSERT INTO `song_activities` (`id`, `user_id`, `song_id`, `liked`, `play_count`, `created_at`, `updated_at`) VALUES ('10', '24', '105', 1, 554613399, '2001-02-03 08:09:58', '2021-04-15 19:27:33');
INSERT INTO `song_activities` (`id`, `user_id`, `song_id`, `liked`, `play_count`, `created_at`, `updated_at`) VALUES ('11', '3', '93', 0, 893284199, '1975-12-31 03:15:28', '2021-04-15 19:27:33');
INSERT INTO `song_activities` (`id`, `user_id`, `song_id`, `liked`, `play_count`, `created_at`, `updated_at`) VALUES ('12', '81', '5', 1, 50303195, '1989-08-16 18:36:42', '2021-04-15 19:27:33');
INSERT INTO `song_activities` (`id`, `user_id`, `song_id`, `liked`, `play_count`, `created_at`, `updated_at`) VALUES ('13', '72', '78', 1, 194035527, '1994-02-06 14:02:33', '2021-04-15 19:27:33');
INSERT INTO `song_activities` (`id`, `user_id`, `song_id`, `liked`, `play_count`, `created_at`, `updated_at`) VALUES ('14', '26', '103', 1, 506224577, '2007-05-29 03:45:07', '2021-04-15 19:27:33');
INSERT INTO `song_activities` (`id`, `user_id`, `song_id`, `liked`, `play_count`, `created_at`, `updated_at`) VALUES ('15', '56', '138', 0, 308317471, '2012-05-30 03:36:27', '2021-04-15 19:27:33');
INSERT INTO `song_activities` (`id`, `user_id`, `song_id`, `liked`, `play_count`, `created_at`, `updated_at`) VALUES ('16', '77', '82', 1, 959429244, '2019-09-26 18:59:53', '2021-04-15 19:27:33');
INSERT INTO `song_activities` (`id`, `user_id`, `song_id`, `liked`, `play_count`, `created_at`, `updated_at`) VALUES ('17', '98', '23', 1, 361612801, '1994-07-27 10:58:12', '2021-04-15 19:27:33');
INSERT INTO `song_activities` (`id`, `user_id`, `song_id`, `liked`, `play_count`, `created_at`, `updated_at`) VALUES ('18', '4', '118', 1, 258965829, '2011-07-14 22:59:21', '2021-04-15 19:27:33');
INSERT INTO `song_activities` (`id`, `user_id`, `song_id`, `liked`, `play_count`, `created_at`, `updated_at`) VALUES ('19', '86', '126', 1, 230941681, '1976-08-01 22:15:39', '2021-04-15 19:27:33');
INSERT INTO `song_activities` (`id`, `user_id`, `song_id`, `liked`, `play_count`, `created_at`, `updated_at`) VALUES ('20', '9', '26', 0, 254591840, '1975-12-13 09:36:09', '2021-04-15 19:27:33');
INSERT INTO `song_activities` (`id`, `user_id`, `song_id`, `liked`, `play_count`, `created_at`, `updated_at`) VALUES ('21', '32', '65', 1, 997383689, '2008-12-02 00:36:10', '2021-04-15 19:27:33');
INSERT INTO `song_activities` (`id`, `user_id`, `song_id`, `liked`, `play_count`, `created_at`, `updated_at`) VALUES ('22', '33', '115', 0, 367569319, '1977-10-19 11:29:57', '2021-04-15 19:27:33');
INSERT INTO `song_activities` (`id`, `user_id`, `song_id`, `liked`, `play_count`, `created_at`, `updated_at`) VALUES ('23', '19', '2', 1, 516008989, '1985-03-02 18:20:07', '2021-04-15 19:27:33');
INSERT INTO `song_activities` (`id`, `user_id`, `song_id`, `liked`, `play_count`, `created_at`, `updated_at`) VALUES ('24', '30', '49', 1, 950545554, '2020-03-18 15:32:57', '2021-04-15 19:27:33');
INSERT INTO `song_activities` (`id`, `user_id`, `song_id`, `liked`, `play_count`, `created_at`, `updated_at`) VALUES ('25', '53', '106', 1, 933753247, '2000-11-24 00:02:01', '2021-04-15 19:27:33');
INSERT INTO `song_activities` (`id`, `user_id`, `song_id`, `liked`, `play_count`, `created_at`, `updated_at`) VALUES ('26', '77', '111', 1, 492395730, '1999-12-26 21:35:28', '2021-04-15 19:27:33');
INSERT INTO `song_activities` (`id`, `user_id`, `song_id`, `liked`, `play_count`, `created_at`, `updated_at`) VALUES ('27', '100', '114', 1, 217578464, '1988-05-30 17:09:50', '2021-04-15 19:27:33');
INSERT INTO `song_activities` (`id`, `user_id`, `song_id`, `liked`, `play_count`, `created_at`, `updated_at`) VALUES ('28', '58', '142', 1, 702919870, '2007-10-09 00:09:25', '2021-04-15 19:27:33');
INSERT INTO `song_activities` (`id`, `user_id`, `song_id`, `liked`, `play_count`, `created_at`, `updated_at`) VALUES ('29', '96', '166', 1, 480000953, '1985-06-17 03:44:49', '2021-04-15 19:27:33');
INSERT INTO `song_activities` (`id`, `user_id`, `song_id`, `liked`, `play_count`, `created_at`, `updated_at`) VALUES ('30', '23', '103', 0, 350832094, '1993-11-11 21:34:33', '2021-04-15 19:27:33');
INSERT INTO `song_activities` (`id`, `user_id`, `song_id`, `liked`, `play_count`, `created_at`, `updated_at`) VALUES ('31', '52', '198', 1, 145369398, '1977-07-31 10:31:38', '2021-04-15 19:27:33');
INSERT INTO `song_activities` (`id`, `user_id`, `song_id`, `liked`, `play_count`, `created_at`, `updated_at`) VALUES ('32', '93', '98', 0, 938320061, '1982-07-17 10:57:15', '2021-04-15 19:27:33');
INSERT INTO `song_activities` (`id`, `user_id`, `song_id`, `liked`, `play_count`, `created_at`, `updated_at`) VALUES ('33', '10', '191', 1, 91555794, '1997-12-31 22:54:48', '2021-04-15 19:27:33');
INSERT INTO `song_activities` (`id`, `user_id`, `song_id`, `liked`, `play_count`, `created_at`, `updated_at`) VALUES ('34', '8', '190', 1, 114529222, '2013-07-07 03:17:45', '2021-04-15 19:27:33');
INSERT INTO `song_activities` (`id`, `user_id`, `song_id`, `liked`, `play_count`, `created_at`, `updated_at`) VALUES ('35', '59', '32', 1, 641200233, '2020-10-14 08:37:00', '2021-04-15 19:27:33');
INSERT INTO `song_activities` (`id`, `user_id`, `song_id`, `liked`, `play_count`, `created_at`, `updated_at`) VALUES ('36', '8', '179', 0, 297467007, '2005-07-09 01:41:39', '2021-04-15 19:27:33');
INSERT INTO `song_activities` (`id`, `user_id`, `song_id`, `liked`, `play_count`, `created_at`, `updated_at`) VALUES ('37', '48', '80', 1, 792203796, '2013-10-30 05:22:20', '2021-04-15 19:27:33');
INSERT INTO `song_activities` (`id`, `user_id`, `song_id`, `liked`, `play_count`, `created_at`, `updated_at`) VALUES ('38', '47', '133', 0, 960458766, '1983-03-28 05:07:13', '2021-04-15 19:27:33');
INSERT INTO `song_activities` (`id`, `user_id`, `song_id`, `liked`, `play_count`, `created_at`, `updated_at`) VALUES ('39', '41', '153', 0, 53144318, '2001-06-17 17:58:26', '2021-04-15 19:27:33');
INSERT INTO `song_activities` (`id`, `user_id`, `song_id`, `liked`, `play_count`, `created_at`, `updated_at`) VALUES ('40', '91', '186', 1, 446701361, '2015-03-29 04:50:53', '2021-04-15 19:27:33');
INSERT INTO `song_activities` (`id`, `user_id`, `song_id`, `liked`, `play_count`, `created_at`, `updated_at`) VALUES ('41', '29', '134', 0, 645635186, '2016-04-19 17:51:28', '2021-04-15 19:27:33');
INSERT INTO `song_activities` (`id`, `user_id`, `song_id`, `liked`, `play_count`, `created_at`, `updated_at`) VALUES ('42', '49', '57', 1, 410289006, '1993-12-17 19:10:13', '2021-04-15 19:27:33');
INSERT INTO `song_activities` (`id`, `user_id`, `song_id`, `liked`, `play_count`, `created_at`, `updated_at`) VALUES ('43', '24', '12', 1, 297436895, '1971-06-01 04:00:07', '2021-04-15 19:27:33');
INSERT INTO `song_activities` (`id`, `user_id`, `song_id`, `liked`, `play_count`, `created_at`, `updated_at`) VALUES ('44', '100', '38', 0, 667941378, '2019-04-05 06:53:07', '2021-04-15 19:27:33');
INSERT INTO `song_activities` (`id`, `user_id`, `song_id`, `liked`, `play_count`, `created_at`, `updated_at`) VALUES ('45', '89', '43', 0, 197747754, '1987-12-17 22:59:14', '2021-04-15 19:27:33');
INSERT INTO `song_activities` (`id`, `user_id`, `song_id`, `liked`, `play_count`, `created_at`, `updated_at`) VALUES ('46', '71', '81', 1, 233704829, '1993-05-30 08:56:33', '2021-04-15 19:27:33');
INSERT INTO `song_activities` (`id`, `user_id`, `song_id`, `liked`, `play_count`, `created_at`, `updated_at`) VALUES ('47', '21', '125', 1, 60620290, '1992-12-04 18:43:59', '2021-04-15 19:27:33');
INSERT INTO `song_activities` (`id`, `user_id`, `song_id`, `liked`, `play_count`, `created_at`, `updated_at`) VALUES ('48', '89', '60', 0, 276059807, '2004-05-17 19:28:05', '2021-04-15 19:27:33');
INSERT INTO `song_activities` (`id`, `user_id`, `song_id`, `liked`, `play_count`, `created_at`, `updated_at`) VALUES ('49', '58', '193', 0, 653445647, '1973-12-21 21:39:49', '2021-04-15 19:27:33');
INSERT INTO `song_activities` (`id`, `user_id`, `song_id`, `liked`, `play_count`, `created_at`, `updated_at`) VALUES ('50', '25', '31', 0, 583602370, '2004-02-04 02:45:50', '2021-04-15 19:27:33');
INSERT INTO `song_activities` (`id`, `user_id`, `song_id`, `liked`, `play_count`, `created_at`, `updated_at`) VALUES ('51', '12', '66', 0, 990051136, '1984-08-10 08:03:01', '2021-04-15 19:27:33');
INSERT INTO `song_activities` (`id`, `user_id`, `song_id`, `liked`, `play_count`, `created_at`, `updated_at`) VALUES ('52', '5', '119', 1, 141272085, '1976-01-02 23:55:39', '2021-04-15 19:27:33');
INSERT INTO `song_activities` (`id`, `user_id`, `song_id`, `liked`, `play_count`, `created_at`, `updated_at`) VALUES ('53', '73', '103', 1, 807398846, '1973-04-07 22:34:55', '2021-04-15 19:27:33');
INSERT INTO `song_activities` (`id`, `user_id`, `song_id`, `liked`, `play_count`, `created_at`, `updated_at`) VALUES ('54', '26', '27', 0, 427666714, '1970-02-24 01:49:01', '2021-04-15 19:27:33');
INSERT INTO `song_activities` (`id`, `user_id`, `song_id`, `liked`, `play_count`, `created_at`, `updated_at`) VALUES ('55', '28', '33', 1, 155687163, '2016-12-18 00:02:44', '2021-04-15 19:27:33');
INSERT INTO `song_activities` (`id`, `user_id`, `song_id`, `liked`, `play_count`, `created_at`, `updated_at`) VALUES ('56', '7', '113', 0, 899728395, '2001-10-22 14:59:29', '2021-04-15 19:27:33');
INSERT INTO `song_activities` (`id`, `user_id`, `song_id`, `liked`, `play_count`, `created_at`, `updated_at`) VALUES ('57', '84', '109', 0, 198555271, '1975-09-23 20:43:53', '2021-04-15 19:27:33');
INSERT INTO `song_activities` (`id`, `user_id`, `song_id`, `liked`, `play_count`, `created_at`, `updated_at`) VALUES ('58', '85', '15', 0, 890564233, '1995-10-12 15:22:32', '2021-04-15 19:27:33');
INSERT INTO `song_activities` (`id`, `user_id`, `song_id`, `liked`, `play_count`, `created_at`, `updated_at`) VALUES ('59', '61', '168', 0, 843233850, '1991-01-29 18:23:13', '2021-04-15 19:27:33');
INSERT INTO `song_activities` (`id`, `user_id`, `song_id`, `liked`, `play_count`, `created_at`, `updated_at`) VALUES ('60', '27', '98', 1, 100990458, '2001-06-28 06:26:41', '2021-04-15 19:27:33');
INSERT INTO `song_activities` (`id`, `user_id`, `song_id`, `liked`, `play_count`, `created_at`, `updated_at`) VALUES ('61', '5', '193', 1, 653040194, '1996-01-22 03:49:21', '2021-04-15 19:27:33');
INSERT INTO `song_activities` (`id`, `user_id`, `song_id`, `liked`, `play_count`, `created_at`, `updated_at`) VALUES ('62', '90', '51', 0, 380002508, '1970-04-20 19:27:21', '2021-04-15 19:27:33');
INSERT INTO `song_activities` (`id`, `user_id`, `song_id`, `liked`, `play_count`, `created_at`, `updated_at`) VALUES ('63', '59', '157', 1, 295309312, '1997-03-01 23:04:44', '2021-04-15 19:27:33');
INSERT INTO `song_activities` (`id`, `user_id`, `song_id`, `liked`, `play_count`, `created_at`, `updated_at`) VALUES ('64', '56', '32', 0, 821591868, '1972-10-27 06:09:29', '2021-04-15 19:27:33');
INSERT INTO `song_activities` (`id`, `user_id`, `song_id`, `liked`, `play_count`, `created_at`, `updated_at`) VALUES ('65', '75', '160', 1, 2991503, '2015-03-10 01:54:52', '2021-04-15 19:27:33');
INSERT INTO `song_activities` (`id`, `user_id`, `song_id`, `liked`, `play_count`, `created_at`, `updated_at`) VALUES ('66', '32', '172', 0, 306033638, '2017-06-09 02:28:24', '2021-04-15 19:27:33');
INSERT INTO `song_activities` (`id`, `user_id`, `song_id`, `liked`, `play_count`, `created_at`, `updated_at`) VALUES ('67', '13', '72', 0, 527468958, '2002-08-01 21:26:26', '2021-04-15 19:27:33');
INSERT INTO `song_activities` (`id`, `user_id`, `song_id`, `liked`, `play_count`, `created_at`, `updated_at`) VALUES ('68', '46', '171', 0, 244474314, '1971-03-01 01:50:54', '2021-04-15 19:27:33');
INSERT INTO `song_activities` (`id`, `user_id`, `song_id`, `liked`, `play_count`, `created_at`, `updated_at`) VALUES ('69', '88', '143', 1, 645562213, '1977-08-19 04:10:44', '2021-04-15 19:27:33');
INSERT INTO `song_activities` (`id`, `user_id`, `song_id`, `liked`, `play_count`, `created_at`, `updated_at`) VALUES ('70', '99', '29', 1, 671321447, '1979-02-09 10:13:22', '2021-04-15 19:27:33');
INSERT INTO `song_activities` (`id`, `user_id`, `song_id`, `liked`, `play_count`, `created_at`, `updated_at`) VALUES ('71', '88', '9', 1, 355414492, '2016-12-01 00:26:35', '2021-04-15 19:27:33');
INSERT INTO `song_activities` (`id`, `user_id`, `song_id`, `liked`, `play_count`, `created_at`, `updated_at`) VALUES ('72', '71', '143', 0, 344634455, '1983-12-28 15:46:07', '2021-04-15 19:27:33');
INSERT INTO `song_activities` (`id`, `user_id`, `song_id`, `liked`, `play_count`, `created_at`, `updated_at`) VALUES ('73', '59', '111', 0, 767212543, '1982-04-21 00:54:37', '2021-04-15 19:27:33');
INSERT INTO `song_activities` (`id`, `user_id`, `song_id`, `liked`, `play_count`, `created_at`, `updated_at`) VALUES ('74', '79', '38', 1, 562376069, '2004-10-14 09:31:19', '2021-04-15 19:27:33');
INSERT INTO `song_activities` (`id`, `user_id`, `song_id`, `liked`, `play_count`, `created_at`, `updated_at`) VALUES ('75', '40', '9', 0, 765408021, '1990-11-10 21:51:07', '2021-04-15 19:27:33');
INSERT INTO `song_activities` (`id`, `user_id`, `song_id`, `liked`, `play_count`, `created_at`, `updated_at`) VALUES ('76', '68', '88', 0, 998354569, '2002-09-23 00:16:36', '2021-04-15 19:27:33');
INSERT INTO `song_activities` (`id`, `user_id`, `song_id`, `liked`, `play_count`, `created_at`, `updated_at`) VALUES ('77', '1', '113', 1, 894022798, '2009-12-12 10:54:05', '2021-04-15 19:27:33');
INSERT INTO `song_activities` (`id`, `user_id`, `song_id`, `liked`, `play_count`, `created_at`, `updated_at`) VALUES ('78', '70', '119', 0, 882814239, '1971-04-25 12:27:35', '2021-04-15 19:27:33');
INSERT INTO `song_activities` (`id`, `user_id`, `song_id`, `liked`, `play_count`, `created_at`, `updated_at`) VALUES ('79', '35', '49', 1, 686398687, '1988-04-22 09:45:05', '2021-04-15 19:27:33');
INSERT INTO `song_activities` (`id`, `user_id`, `song_id`, `liked`, `play_count`, `created_at`, `updated_at`) VALUES ('80', '75', '18', 0, 269628215, '1973-04-17 21:20:53', '2021-04-15 19:27:33');
INSERT INTO `song_activities` (`id`, `user_id`, `song_id`, `liked`, `play_count`, `created_at`, `updated_at`) VALUES ('81', '4', '13', 1, 195664603, '1978-03-12 13:24:04', '2021-04-15 19:27:33');
INSERT INTO `song_activities` (`id`, `user_id`, `song_id`, `liked`, `play_count`, `created_at`, `updated_at`) VALUES ('82', '95', '34', 0, 41005016, '2015-10-12 15:50:13', '2021-04-15 19:27:33');
INSERT INTO `song_activities` (`id`, `user_id`, `song_id`, `liked`, `play_count`, `created_at`, `updated_at`) VALUES ('83', '42', '81', 0, 160650283, '2000-02-10 14:20:31', '2021-04-15 19:27:33');
INSERT INTO `song_activities` (`id`, `user_id`, `song_id`, `liked`, `play_count`, `created_at`, `updated_at`) VALUES ('84', '2', '58', 0, 423539551, '1994-05-24 02:58:19', '2021-04-15 19:27:33');
INSERT INTO `song_activities` (`id`, `user_id`, `song_id`, `liked`, `play_count`, `created_at`, `updated_at`) VALUES ('85', '12', '200', 0, 312386461, '1974-08-02 15:28:08', '2021-04-15 19:27:33');
INSERT INTO `song_activities` (`id`, `user_id`, `song_id`, `liked`, `play_count`, `created_at`, `updated_at`) VALUES ('86', '44', '199', 1, 328772110, '1970-09-20 02:19:54', '2021-04-15 19:27:33');
INSERT INTO `song_activities` (`id`, `user_id`, `song_id`, `liked`, `play_count`, `created_at`, `updated_at`) VALUES ('87', '5', '29', 0, 737318565, '1993-05-18 20:38:23', '2021-04-15 19:27:33');
INSERT INTO `song_activities` (`id`, `user_id`, `song_id`, `liked`, `play_count`, `created_at`, `updated_at`) VALUES ('88', '71', '125', 1, 843143988, '1993-04-19 03:26:28', '2021-04-15 19:27:33');
INSERT INTO `song_activities` (`id`, `user_id`, `song_id`, `liked`, `play_count`, `created_at`, `updated_at`) VALUES ('89', '70', '98', 1, 679583826, '1993-05-05 06:04:41', '2021-04-15 19:27:33');
INSERT INTO `song_activities` (`id`, `user_id`, `song_id`, `liked`, `play_count`, `created_at`, `updated_at`) VALUES ('90', '81', '18', 0, 897592650, '1971-12-06 00:36:38', '2021-04-15 19:27:33');
INSERT INTO `song_activities` (`id`, `user_id`, `song_id`, `liked`, `play_count`, `created_at`, `updated_at`) VALUES ('91', '54', '97', 1, 131580753, '2004-02-11 12:49:50', '2021-04-15 19:27:33');
INSERT INTO `song_activities` (`id`, `user_id`, `song_id`, `liked`, `play_count`, `created_at`, `updated_at`) VALUES ('92', '53', '108', 0, 151503066, '2007-10-06 02:09:25', '2021-04-15 19:27:33');
INSERT INTO `song_activities` (`id`, `user_id`, `song_id`, `liked`, `play_count`, `created_at`, `updated_at`) VALUES ('93', '5', '44', 0, 47551682, '1977-05-25 05:32:35', '2021-04-15 19:27:33');
INSERT INTO `song_activities` (`id`, `user_id`, `song_id`, `liked`, `play_count`, `created_at`, `updated_at`) VALUES ('94', '13', '79', 0, 774483623, '2000-03-15 09:21:31', '2021-04-15 19:27:33');
INSERT INTO `song_activities` (`id`, `user_id`, `song_id`, `liked`, `play_count`, `created_at`, `updated_at`) VALUES ('95', '46', '176', 0, 931314781, '2001-03-13 08:15:14', '2021-04-15 19:27:33');
INSERT INTO `song_activities` (`id`, `user_id`, `song_id`, `liked`, `play_count`, `created_at`, `updated_at`) VALUES ('96', '48', '100', 1, 589864170, '2016-05-13 22:32:18', '2021-04-15 19:27:33');
INSERT INTO `song_activities` (`id`, `user_id`, `song_id`, `liked`, `play_count`, `created_at`, `updated_at`) VALUES ('97', '94', '85', 0, 700986228, '2012-03-29 02:57:47', '2021-04-15 19:27:33');
INSERT INTO `song_activities` (`id`, `user_id`, `song_id`, `liked`, `play_count`, `created_at`, `updated_at`) VALUES ('98', '67', '72', 1, 755054841, '1975-10-24 14:31:54', '2021-04-15 19:27:33');
INSERT INTO `song_activities` (`id`, `user_id`, `song_id`, `liked`, `play_count`, `created_at`, `updated_at`) VALUES ('99', '83', '136', 0, 126944292, '2012-02-18 20:46:22', '2021-04-15 19:27:33');
INSERT INTO `song_activities` (`id`, `user_id`, `song_id`, `liked`, `play_count`, `created_at`, `updated_at`) VALUES ('100', '65', '189', 1, 896871624, '1984-08-13 03:52:27', '2021-04-15 19:27:33');
INSERT INTO `song_activities` (`id`, `user_id`, `song_id`, `liked`, `play_count`, `created_at`, `updated_at`) VALUES ('101', '68', '16', 1, 880183778, '2003-06-23 20:04:58', '2021-04-15 19:27:33');
INSERT INTO `song_activities` (`id`, `user_id`, `song_id`, `liked`, `play_count`, `created_at`, `updated_at`) VALUES ('102', '94', '144', 0, 8037860, '2016-05-02 01:53:28', '2021-04-15 19:27:33');
INSERT INTO `song_activities` (`id`, `user_id`, `song_id`, `liked`, `play_count`, `created_at`, `updated_at`) VALUES ('103', '22', '128', 1, 140973910, '2002-12-30 14:19:21', '2021-04-15 19:27:33');
INSERT INTO `song_activities` (`id`, `user_id`, `song_id`, `liked`, `play_count`, `created_at`, `updated_at`) VALUES ('104', '35', '183', 0, 74252655, '1974-04-10 04:21:07', '2021-04-15 19:27:33');
INSERT INTO `song_activities` (`id`, `user_id`, `song_id`, `liked`, `play_count`, `created_at`, `updated_at`) VALUES ('105', '13', '31', 1, 474047295, '1988-05-13 22:43:09', '2021-04-15 19:27:33');
INSERT INTO `song_activities` (`id`, `user_id`, `song_id`, `liked`, `play_count`, `created_at`, `updated_at`) VALUES ('106', '100', '133', 1, 241346773, '1989-06-11 11:30:25', '2021-04-15 19:27:33');
INSERT INTO `song_activities` (`id`, `user_id`, `song_id`, `liked`, `play_count`, `created_at`, `updated_at`) VALUES ('107', '64', '105', 0, 232538080, '1980-01-15 22:42:28', '2021-04-15 19:27:33');
INSERT INTO `song_activities` (`id`, `user_id`, `song_id`, `liked`, `play_count`, `created_at`, `updated_at`) VALUES ('108', '20', '136', 0, 855310143, '2008-09-09 14:07:11', '2021-04-15 19:27:33');
INSERT INTO `song_activities` (`id`, `user_id`, `song_id`, `liked`, `play_count`, `created_at`, `updated_at`) VALUES ('109', '75', '66', 1, 733443018, '2016-05-30 15:17:29', '2021-04-15 19:27:33');
INSERT INTO `song_activities` (`id`, `user_id`, `song_id`, `liked`, `play_count`, `created_at`, `updated_at`) VALUES ('110', '8', '40', 0, 632845992, '1988-02-19 18:14:06', '2021-04-15 19:27:33');
INSERT INTO `song_activities` (`id`, `user_id`, `song_id`, `liked`, `play_count`, `created_at`, `updated_at`) VALUES ('111', '21', '110', 0, 899819932, '1979-08-19 04:03:55', '2021-04-15 19:27:33');
INSERT INTO `song_activities` (`id`, `user_id`, `song_id`, `liked`, `play_count`, `created_at`, `updated_at`) VALUES ('112', '70', '29', 1, 813660149, '1988-08-30 23:22:07', '2021-04-15 19:27:33');
INSERT INTO `song_activities` (`id`, `user_id`, `song_id`, `liked`, `play_count`, `created_at`, `updated_at`) VALUES ('113', '98', '71', 1, 557727191, '1998-01-19 11:07:04', '2021-04-15 19:27:33');
INSERT INTO `song_activities` (`id`, `user_id`, `song_id`, `liked`, `play_count`, `created_at`, `updated_at`) VALUES ('114', '50', '160', 1, 439475911, '1986-08-04 14:04:48', '2021-04-15 19:27:33');
INSERT INTO `song_activities` (`id`, `user_id`, `song_id`, `liked`, `play_count`, `created_at`, `updated_at`) VALUES ('116', '74', '142', 1, 877399030, '2003-02-22 21:27:49', '2021-04-15 19:27:33');
INSERT INTO `song_activities` (`id`, `user_id`, `song_id`, `liked`, `play_count`, `created_at`, `updated_at`) VALUES ('117', '22', '135', 1, 626636262, '1979-04-05 14:10:52', '2021-04-15 19:27:33');
INSERT INTO `song_activities` (`id`, `user_id`, `song_id`, `liked`, `play_count`, `created_at`, `updated_at`) VALUES ('118', '43', '87', 0, 689307656, '1998-03-13 00:11:42', '2021-04-15 19:27:33');
INSERT INTO `song_activities` (`id`, `user_id`, `song_id`, `liked`, `play_count`, `created_at`, `updated_at`) VALUES ('119', '32', '154', 1, 18467596, '2009-04-04 00:48:24', '2021-04-15 19:27:33');
INSERT INTO `song_activities` (`id`, `user_id`, `song_id`, `liked`, `play_count`, `created_at`, `updated_at`) VALUES ('120', '35', '89', 1, 422331751, '2020-03-21 03:58:46', '2021-04-15 19:27:33');
INSERT INTO `song_activities` (`id`, `user_id`, `song_id`, `liked`, `play_count`, `created_at`, `updated_at`) VALUES ('121', '92', '70', 1, 808463427, '1984-06-04 08:30:07', '2021-04-15 19:27:33');
INSERT INTO `song_activities` (`id`, `user_id`, `song_id`, `liked`, `play_count`, `created_at`, `updated_at`) VALUES ('122', '11', '111', 0, 538330938, '1971-04-26 03:29:35', '2021-04-15 19:27:33');
INSERT INTO `song_activities` (`id`, `user_id`, `song_id`, `liked`, `play_count`, `created_at`, `updated_at`) VALUES ('123', '87', '61', 1, 524842145, '1987-04-28 05:26:03', '2021-04-15 19:27:33');
INSERT INTO `song_activities` (`id`, `user_id`, `song_id`, `liked`, `play_count`, `created_at`, `updated_at`) VALUES ('124', '24', '122', 1, 950013677, '2000-09-28 12:16:40', '2021-04-15 19:27:33');
INSERT INTO `song_activities` (`id`, `user_id`, `song_id`, `liked`, `play_count`, `created_at`, `updated_at`) VALUES ('125', '63', '61', 1, 642489235, '1977-06-05 12:32:27', '2021-04-15 19:27:33');
INSERT INTO `song_activities` (`id`, `user_id`, `song_id`, `liked`, `play_count`, `created_at`, `updated_at`) VALUES ('126', '81', '167', 1, 93138163, '1994-09-29 15:40:14', '2021-04-15 19:27:33');
INSERT INTO `song_activities` (`id`, `user_id`, `song_id`, `liked`, `play_count`, `created_at`, `updated_at`) VALUES ('127', '86', '100', 1, 974759061, '1999-05-25 07:26:50', '2021-04-15 19:27:33');
INSERT INTO `song_activities` (`id`, `user_id`, `song_id`, `liked`, `play_count`, `created_at`, `updated_at`) VALUES ('128', '98', '165', 1, 69683881, '1984-07-20 22:37:46', '2021-04-15 19:27:33');
INSERT INTO `song_activities` (`id`, `user_id`, `song_id`, `liked`, `play_count`, `created_at`, `updated_at`) VALUES ('129', '86', '95', 0, 632878046, '1993-10-22 23:07:56', '2021-04-15 19:27:33');
INSERT INTO `song_activities` (`id`, `user_id`, `song_id`, `liked`, `play_count`, `created_at`, `updated_at`) VALUES ('130', '63', '178', 1, 826062831, '2017-07-18 01:15:07', '2021-04-15 19:27:33');
INSERT INTO `song_activities` (`id`, `user_id`, `song_id`, `liked`, `play_count`, `created_at`, `updated_at`) VALUES ('131', '62', '73', 1, 57784427, '2008-08-14 00:09:04', '2021-04-15 19:27:33');
INSERT INTO `song_activities` (`id`, `user_id`, `song_id`, `liked`, `play_count`, `created_at`, `updated_at`) VALUES ('132', '60', '166', 1, 555823179, '1998-11-02 00:42:58', '2021-04-15 19:27:33');
INSERT INTO `song_activities` (`id`, `user_id`, `song_id`, `liked`, `play_count`, `created_at`, `updated_at`) VALUES ('133', '4', '5', 0, 69307260, '1991-11-21 05:24:42', '2021-04-15 19:27:33');
INSERT INTO `song_activities` (`id`, `user_id`, `song_id`, `liked`, `play_count`, `created_at`, `updated_at`) VALUES ('134', '27', '71', 0, 857174217, '2008-05-30 01:16:56', '2021-04-15 19:27:33');
INSERT INTO `song_activities` (`id`, `user_id`, `song_id`, `liked`, `play_count`, `created_at`, `updated_at`) VALUES ('135', '80', '122', 1, 187763485, '1980-01-13 15:17:27', '2021-04-15 19:27:33');
INSERT INTO `song_activities` (`id`, `user_id`, `song_id`, `liked`, `play_count`, `created_at`, `updated_at`) VALUES ('136', '80', '143', 1, 120046047, '2015-06-18 20:08:19', '2021-04-15 19:27:33');
INSERT INTO `song_activities` (`id`, `user_id`, `song_id`, `liked`, `play_count`, `created_at`, `updated_at`) VALUES ('137', '96', '180', 1, 102342987, '2001-03-26 22:52:56', '2021-04-15 19:27:33');
INSERT INTO `song_activities` (`id`, `user_id`, `song_id`, `liked`, `play_count`, `created_at`, `updated_at`) VALUES ('138', '27', '165', 0, 606386590, '1988-12-29 09:28:01', '2021-04-15 19:27:33');
INSERT INTO `song_activities` (`id`, `user_id`, `song_id`, `liked`, `play_count`, `created_at`, `updated_at`) VALUES ('139', '20', '99', 1, 779391097, '2006-01-26 18:41:07', '2021-04-15 19:27:33');
INSERT INTO `song_activities` (`id`, `user_id`, `song_id`, `liked`, `play_count`, `created_at`, `updated_at`) VALUES ('140', '44', '166', 0, 301524438, '2018-07-19 12:46:22', '2021-04-15 19:27:33');
INSERT INTO `song_activities` (`id`, `user_id`, `song_id`, `liked`, `play_count`, `created_at`, `updated_at`) VALUES ('141', '80', '48', 1, 214999266, '1994-05-14 17:03:02', '2021-04-15 19:27:33');
INSERT INTO `song_activities` (`id`, `user_id`, `song_id`, `liked`, `play_count`, `created_at`, `updated_at`) VALUES ('142', '67', '129', 0, 584857175, '2016-05-14 16:03:14', '2021-04-15 19:27:33');
INSERT INTO `song_activities` (`id`, `user_id`, `song_id`, `liked`, `play_count`, `created_at`, `updated_at`) VALUES ('143', '74', '128', 1, 854891539, '1989-08-23 01:51:07', '2021-04-15 19:27:33');
INSERT INTO `song_activities` (`id`, `user_id`, `song_id`, `liked`, `play_count`, `created_at`, `updated_at`) VALUES ('144', '47', '119', 0, 603233369, '2018-03-04 12:33:52', '2021-04-15 19:27:33');
INSERT INTO `song_activities` (`id`, `user_id`, `song_id`, `liked`, `play_count`, `created_at`, `updated_at`) VALUES ('145', '11', '19', 1, 376974824, '2001-01-03 11:33:02', '2021-04-15 19:27:33');
INSERT INTO `song_activities` (`id`, `user_id`, `song_id`, `liked`, `play_count`, `created_at`, `updated_at`) VALUES ('146', '48', '145', 0, 78009214, '1976-05-01 01:15:53', '2021-04-15 19:27:33');
INSERT INTO `song_activities` (`id`, `user_id`, `song_id`, `liked`, `play_count`, `created_at`, `updated_at`) VALUES ('147', '46', '16', 0, 326878994, '2019-11-23 14:55:23', '2021-04-15 19:27:33');
INSERT INTO `song_activities` (`id`, `user_id`, `song_id`, `liked`, `play_count`, `created_at`, `updated_at`) VALUES ('148', '55', '99', 1, 499660198, '2000-05-04 03:46:47', '2021-04-15 19:27:33');
INSERT INTO `song_activities` (`id`, `user_id`, `song_id`, `liked`, `play_count`, `created_at`, `updated_at`) VALUES ('149', '10', '162', 1, 374763838, '1981-06-12 19:46:02', '2021-04-15 19:27:33');
INSERT INTO `song_activities` (`id`, `user_id`, `song_id`, `liked`, `play_count`, `created_at`, `updated_at`) VALUES ('150', '85', '179', 0, 912446720, '2000-05-18 07:59:30', '2021-04-15 19:27:33');
INSERT INTO `song_activities` (`id`, `user_id`, `song_id`, `liked`, `play_count`, `created_at`, `updated_at`) VALUES ('151', '42', '127', 1, 573935497, '1992-10-24 03:58:07', '2021-04-15 19:27:33');
INSERT INTO `song_activities` (`id`, `user_id`, `song_id`, `liked`, `play_count`, `created_at`, `updated_at`) VALUES ('152', '61', '74', 1, 737848684, '1986-12-15 19:46:52', '2021-04-15 19:27:33');
INSERT INTO `song_activities` (`id`, `user_id`, `song_id`, `liked`, `play_count`, `created_at`, `updated_at`) VALUES ('153', '53', '173', 0, 828597862, '1997-12-23 06:51:08', '2021-04-15 19:27:33');
INSERT INTO `song_activities` (`id`, `user_id`, `song_id`, `liked`, `play_count`, `created_at`, `updated_at`) VALUES ('154', '20', '146', 0, 233459857, '1972-01-14 19:20:54', '2021-04-15 19:27:33');
INSERT INTO `song_activities` (`id`, `user_id`, `song_id`, `liked`, `play_count`, `created_at`, `updated_at`) VALUES ('155', '36', '125', 0, 201759959, '2012-03-04 03:25:55', '2021-04-15 19:27:33');
INSERT INTO `song_activities` (`id`, `user_id`, `song_id`, `liked`, `play_count`, `created_at`, `updated_at`) VALUES ('156', '56', '30', 1, 768458606, '1998-03-13 12:50:34', '2021-04-15 19:27:33');
INSERT INTO `song_activities` (`id`, `user_id`, `song_id`, `liked`, `play_count`, `created_at`, `updated_at`) VALUES ('157', '87', '43', 0, 432568808, '1970-07-15 18:49:13', '2021-04-15 19:27:33');
INSERT INTO `song_activities` (`id`, `user_id`, `song_id`, `liked`, `play_count`, `created_at`, `updated_at`) VALUES ('158', '80', '121', 1, 944267011, '1988-09-23 18:28:10', '2021-04-15 19:27:33');
INSERT INTO `song_activities` (`id`, `user_id`, `song_id`, `liked`, `play_count`, `created_at`, `updated_at`) VALUES ('159', '86', '53', 1, 414783016, '1977-02-18 20:34:57', '2021-04-15 19:27:33');
INSERT INTO `song_activities` (`id`, `user_id`, `song_id`, `liked`, `play_count`, `created_at`, `updated_at`) VALUES ('160', '20', '192', 1, 71665308, '2019-03-01 21:40:35', '2021-04-15 19:27:33');
INSERT INTO `song_activities` (`id`, `user_id`, `song_id`, `liked`, `play_count`, `created_at`, `updated_at`) VALUES ('161', '36', '135', 0, 236730400, '2000-02-25 23:13:54', '2021-04-15 19:27:33');
INSERT INTO `song_activities` (`id`, `user_id`, `song_id`, `liked`, `play_count`, `created_at`, `updated_at`) VALUES ('162', '69', '162', 1, 606638327, '2006-01-06 13:38:54', '2021-04-15 19:27:33');
INSERT INTO `song_activities` (`id`, `user_id`, `song_id`, `liked`, `play_count`, `created_at`, `updated_at`) VALUES ('163', '75', '46', 0, 269347191, '2006-10-01 16:20:33', '2021-04-15 19:27:33');
INSERT INTO `song_activities` (`id`, `user_id`, `song_id`, `liked`, `play_count`, `created_at`, `updated_at`) VALUES ('164', '30', '169', 0, 358322276, '2005-12-26 16:49:23', '2021-04-15 19:27:33');
INSERT INTO `song_activities` (`id`, `user_id`, `song_id`, `liked`, `play_count`, `created_at`, `updated_at`) VALUES ('165', '4', '28', 1, 719421431, '1971-03-07 07:33:11', '2021-04-15 19:27:33');
INSERT INTO `song_activities` (`id`, `user_id`, `song_id`, `liked`, `play_count`, `created_at`, `updated_at`) VALUES ('166', '74', '92', 0, 209280147, '2009-12-24 07:32:19', '2021-04-15 19:27:33');
INSERT INTO `song_activities` (`id`, `user_id`, `song_id`, `liked`, `play_count`, `created_at`, `updated_at`) VALUES ('167', '78', '67', 0, 413284499, '1981-07-11 20:25:13', '2021-04-15 19:27:33');
INSERT INTO `song_activities` (`id`, `user_id`, `song_id`, `liked`, `play_count`, `created_at`, `updated_at`) VALUES ('168', '83', '61', 0, 698294917, '2017-03-12 15:33:58', '2021-04-15 19:27:33');
INSERT INTO `song_activities` (`id`, `user_id`, `song_id`, `liked`, `play_count`, `created_at`, `updated_at`) VALUES ('169', '20', '4', 0, 600287910, '2012-06-28 06:13:58', '2021-04-15 19:27:33');
INSERT INTO `song_activities` (`id`, `user_id`, `song_id`, `liked`, `play_count`, `created_at`, `updated_at`) VALUES ('170', '3', '111', 1, 149574177, '2016-03-30 13:59:30', '2021-04-15 19:27:33');
INSERT INTO `song_activities` (`id`, `user_id`, `song_id`, `liked`, `play_count`, `created_at`, `updated_at`) VALUES ('171', '65', '116', 0, 342578176, '1998-07-21 06:50:59', '2021-04-15 19:27:33');
INSERT INTO `song_activities` (`id`, `user_id`, `song_id`, `liked`, `play_count`, `created_at`, `updated_at`) VALUES ('172', '71', '101', 1, 3784930, '1996-09-28 23:26:33', '2021-04-15 19:27:33');
INSERT INTO `song_activities` (`id`, `user_id`, `song_id`, `liked`, `play_count`, `created_at`, `updated_at`) VALUES ('173', '80', '100', 0, 957307906, '2020-01-31 10:21:58', '2021-04-15 19:27:33');
INSERT INTO `song_activities` (`id`, `user_id`, `song_id`, `liked`, `play_count`, `created_at`, `updated_at`) VALUES ('174', '11', '129', 0, 737334119, '1977-03-24 09:15:23', '2021-04-15 19:27:33');
INSERT INTO `song_activities` (`id`, `user_id`, `song_id`, `liked`, `play_count`, `created_at`, `updated_at`) VALUES ('175', '76', '60', 1, 250802298, '1972-09-14 12:08:45', '2021-04-15 19:27:33');
INSERT INTO `song_activities` (`id`, `user_id`, `song_id`, `liked`, `play_count`, `created_at`, `updated_at`) VALUES ('176', '61', '23', 1, 807538583, '1973-02-04 11:02:22', '2021-04-15 19:27:33');
INSERT INTO `song_activities` (`id`, `user_id`, `song_id`, `liked`, `play_count`, `created_at`, `updated_at`) VALUES ('177', '97', '57', 0, 406465526, '2001-10-31 17:36:23', '2021-04-15 19:27:33');
INSERT INTO `song_activities` (`id`, `user_id`, `song_id`, `liked`, `play_count`, `created_at`, `updated_at`) VALUES ('178', '93', '143', 0, 618314988, '1992-09-22 02:41:56', '2021-04-15 19:27:33');
INSERT INTO `song_activities` (`id`, `user_id`, `song_id`, `liked`, `play_count`, `created_at`, `updated_at`) VALUES ('179', '52', '44', 0, 99359736, '1988-03-06 19:42:32', '2021-04-15 19:27:33');
INSERT INTO `song_activities` (`id`, `user_id`, `song_id`, `liked`, `play_count`, `created_at`, `updated_at`) VALUES ('180', '56', '111', 1, 861019404, '1979-04-23 11:14:33', '2021-04-15 19:27:33');
INSERT INTO `song_activities` (`id`, `user_id`, `song_id`, `liked`, `play_count`, `created_at`, `updated_at`) VALUES ('181', '36', '59', 0, 158592350, '2021-02-22 23:43:14', '2021-04-15 19:27:33');
INSERT INTO `song_activities` (`id`, `user_id`, `song_id`, `liked`, `play_count`, `created_at`, `updated_at`) VALUES ('182', '1', '26', 0, 98862215, '2017-02-01 03:02:22', '2021-04-15 19:27:33');
INSERT INTO `song_activities` (`id`, `user_id`, `song_id`, `liked`, `play_count`, `created_at`, `updated_at`) VALUES ('183', '63', '167', 1, 811733403, '1991-10-19 22:25:16', '2021-04-15 19:27:33');
INSERT INTO `song_activities` (`id`, `user_id`, `song_id`, `liked`, `play_count`, `created_at`, `updated_at`) VALUES ('184', '43', '165', 1, 496957247, '1995-09-21 05:30:18', '2021-04-15 19:27:33');
INSERT INTO `song_activities` (`id`, `user_id`, `song_id`, `liked`, `play_count`, `created_at`, `updated_at`) VALUES ('185', '86', '91', 0, 743738254, '1982-11-10 22:10:26', '2021-04-15 19:27:33');
INSERT INTO `song_activities` (`id`, `user_id`, `song_id`, `liked`, `play_count`, `created_at`, `updated_at`) VALUES ('186', '38', '99', 0, 662925305, '1993-03-13 01:09:29', '2021-04-15 19:27:33');
INSERT INTO `song_activities` (`id`, `user_id`, `song_id`, `liked`, `play_count`, `created_at`, `updated_at`) VALUES ('187', '4', '16', 1, 654851742, '1990-07-06 12:57:03', '2021-04-15 19:27:33');
INSERT INTO `song_activities` (`id`, `user_id`, `song_id`, `liked`, `play_count`, `created_at`, `updated_at`) VALUES ('188', '100', '166', 0, 333057867, '1980-10-21 15:44:06', '2021-04-15 19:27:33');
INSERT INTO `song_activities` (`id`, `user_id`, `song_id`, `liked`, `play_count`, `created_at`, `updated_at`) VALUES ('189', '58', '21', 0, 523042593, '1980-11-29 12:26:09', '2021-04-15 19:27:33');
INSERT INTO `song_activities` (`id`, `user_id`, `song_id`, `liked`, `play_count`, `created_at`, `updated_at`) VALUES ('190', '47', '67', 0, 355823053, '2008-11-19 04:00:52', '2021-04-15 19:27:33');
INSERT INTO `song_activities` (`id`, `user_id`, `song_id`, `liked`, `play_count`, `created_at`, `updated_at`) VALUES ('191', '40', '15', 1, 155638338, '2002-08-02 13:37:10', '2021-04-15 19:27:33');
INSERT INTO `song_activities` (`id`, `user_id`, `song_id`, `liked`, `play_count`, `created_at`, `updated_at`) VALUES ('192', '45', '73', 1, 630666764, '2010-04-27 04:19:20', '2021-04-15 19:27:33');
INSERT INTO `song_activities` (`id`, `user_id`, `song_id`, `liked`, `play_count`, `created_at`, `updated_at`) VALUES ('193', '36', '73', 1, 835090280, '1981-11-19 07:07:50', '2021-04-15 19:27:33');
INSERT INTO `song_activities` (`id`, `user_id`, `song_id`, `liked`, `play_count`, `created_at`, `updated_at`) VALUES ('194', '8', '174', 0, 543409424, '2005-04-27 06:32:12', '2021-04-15 19:27:33');
INSERT INTO `song_activities` (`id`, `user_id`, `song_id`, `liked`, `play_count`, `created_at`, `updated_at`) VALUES ('195', '59', '127', 1, 267020845, '1975-08-12 16:33:07', '2021-04-15 19:27:33');
INSERT INTO `song_activities` (`id`, `user_id`, `song_id`, `liked`, `play_count`, `created_at`, `updated_at`) VALUES ('196', '42', '189', 1, 966741464, '2001-07-10 21:58:19', '2021-04-15 19:27:33');
INSERT INTO `song_activities` (`id`, `user_id`, `song_id`, `liked`, `play_count`, `created_at`, `updated_at`) VALUES ('197', '93', '86', 1, 938134220, '1996-10-06 07:57:50', '2021-04-15 19:27:33');
INSERT INTO `song_activities` (`id`, `user_id`, `song_id`, `liked`, `play_count`, `created_at`, `updated_at`) VALUES ('198', '7', '110', 1, 399089107, '2005-05-25 09:16:20', '2021-04-15 19:27:33');
INSERT INTO `song_activities` (`id`, `user_id`, `song_id`, `liked`, `play_count`, `created_at`, `updated_at`) VALUES ('199', '26', '100', 1, 961985038, '1976-03-09 17:45:13', '2021-04-15 19:27:33');
INSERT INTO `song_activities` (`id`, `user_id`, `song_id`, `liked`, `play_count`, `created_at`, `updated_at`) VALUES ('200', '38', '23', 0, 895013658, '2015-12-27 23:54:29', '2021-04-15 19:27:33');
